<?xml version="1.0" encoding="UTF-8" standalone="yes"?>
<addon id="context.trakt.rate" name="Trakt - Rating button" version="1.0.3" provider-name="Razzeee">
  <requires>
    <import addon="xbmc.python" version="2.20.0"/>
    <import addon="script.trakt" version="3.0.2"/>
  </requires>
    <extension point="kodi.context.item" library="addon.py">		
      <item>
        <label>32000</label>
        <visible>StringCompare(ListItem.dbtype,movie) | StringCompare(ListItem.dbtype,tvshow) | StringCompare(ListItem.dbtype,season) | StringCompare(ListItem.dbtype,episode)</visible>
      </item>
    </extension>
  <extension point="xbmc.addon.metadata">
    <summary lang="de">Trakt-Bewertungsschaltfläche zum Kontextmenü in der Bibliothek hinzufügen</summary>
    <summary lang="en">Add Trakt rating button to context menu in library</summary>
    <summary lang="en_NZ">Add Trakt rating button to context menu in library</summary>
    <summary lang="en_US">Add Trakt rating button to context menu in library</summary>
    <summary lang="fr">Ajouter le bouton d'évaluation trakt au menu contextuel dans la médiathèque</summary>
    <summary lang="fr_CA">Ajouter un bouton d'évaluation Trakt au menu contextuel de la vidéothèque</summary>
    <summary lang="gl">Engadir o botón de valoración ao menú contextual da biblioteca</summary>
    <summary lang="he">הוסף כפתור דירוג Trakt לתפריט הצדדי בספריה</summary>
    <summary lang="hr">Dodaj tipku Trakt ocjene u kontekstni izbornik zbirke</summary>
    <summary lang="hu">Trakt értékelés gomb a menüben</summary>
    <summary lang="it">Aggiunge l'opzione "Vota" di Trakt al menu' contestuale della libreria.</summary>
    <summary lang="ko">라이브러리 컨텍스트 메뉴에 Trakt 평가 버튼 추가</summary>
    <summary lang="lt">Pridėti Trakt.tv reitingo mygtuką į bibliotekos kontekstinį meniu</summary>
    <summary lang="nl">Voeg Trakt waardering knop naar context menu in bibliotheek</summary>
    <summary lang="no">Legg til Trakt vurdering i bibliotekets hurtigmeny</summary>
    <summary lang="pl">Dodaje przycisk 'Trakt - Oceń' do menu kontekstowego biblioteki</summary>
    <summary lang="pt">Adicionar botão de classificação ao menu de contexto na biblioteca</summary>
    <summary lang="pt_BR">Adicionar botão de avaliação do Trakt para o menu de contexto na biblioteca</summary>
    <description lang="en">Add Trakt rating button to the context menu in your library.</description>
    <forum></forum>
    <source>https://github.com/Razzeee/context.trakt.rate</source>
  </extension>
</addon>
