<?xml version="1.0" encoding="UTF-8"?>
<!-- Foundation -->
<window type="window" id="1110">
    <backgroundcolor>Background</backgroundcolor>
    <defaultcontrol always="true">9501</defaultcontrol>
    <onunload>SetProperty(HubReturn,1110,home)</onunload>
    <controls>
		         <include condition="Skin.String(categories, em) + !Skin.String(categories, list)" name="Window_Sport">
            <param name="categories" value="skinshortcuts-group-x1110" />
        </include>
		<include condition="!Skin.String(categories, em) + !Skin.String(categories, list)" name="Window_Sport2">
            <param name="categories" value="skinshortcuts-group-x1110" />
        </include>
			<include condition="Skin.String(categories, list)" name="Window_Sport3">
            <param name="categories" value="skinshortcuts-group-x1110" />
        </include>
    </controls>
</window>
