<?xml version="1.0" encoding="UTF-8"?>
<!-- Foundation -->
<includes>

    <include name="GlobalOverlay">
        <control type="image">
            <include>Dimensions_Fullscreen</include>
            <texture>common/white.png</texture>
            <colordiffuse>Black</colordiffuse>
            <animation effect="fade" end="75" condition="true">Conditional</animation>
            <include>Animation.FadeIn</include>
            <include condition="!Window.IsVisible(DialogButtonMenu.xml)">Animation.FadeOut</include>
        </control>
        
    </include>
    
    <include name="GlobalVignette">
        <control type="image">
            <width>1920</width>
            <height>448</height>
            <texture colordiffuse="7F000000">common/gradient.png</texture>
        </control>
        
    </include>
    
    <variable name="GlobalWidget">
        <value condition="!IsEmpty(Window(home).Property(bgwidget))">$INFO[Window(home).Property(bgwidget)]</value>
        <value condition="!IsEmpty(Skin.String(home.fanart))">$INFO[Skin.String(home.fanart)]</value>
        <value>special://skin/extras/backgrounds/</value>
    </variable>
    
    <include name="HomeBGWidgetContent">
        <visible>Window.IsVisible(home)</visible>
        <visible>!Skin.HasSetting(home.usemixedglobalwidget)</visible>
        <visible>!Player.HasVideo | [Skin.HasSetting(disable.bgvideo) + !Window.IsVisible(home)]</visible>
        <posy>1080</posy>
        <include>Dimensions_Fullscreen</include>
        <include>Animation.FadeIn</include>
        <include>Animation.FadeOut</include>
        <autoscroll time="10000">!Control.HasFocus(9600)</autoscroll>
        <ondown>300</ondown>
        <onback>300</onback>
        <orientation>horizontal</orientation>
        <preloaditems>1</preloaditems>
        <scrolltime tween="quadratic">500</scrolltime>
        <itemlayout width="1920" height="1080">
        </itemlayout>
        <focusedlayout width="1920" height="1080">
        </focusedlayout>
    </include>

	
    <variable name="GlobalFanart">        
        <value condition="Window.IsVisible(3250)">special://skin/extras/VOD/VOD1.jpg</value>
		<value condition="Window.IsVisible(3261)">special://skin/extras/VOD/VOD1.jpg</value>
		<value condition="Window.IsVisible(3260)">special://skin\extras\sport\</value>
		<value condition="Window.IsVisible(3206)">special://skin\extras\music\background.jpg</value>
		<value condition="Window.IsVisible(3205)">special://skin\extras\kids\background.jpg</value>
		<value condition="Window.IsVisible(mypvr)">special://skin/extras/backgrounds/splash2.jpg</value>
		<value condition="Window.IsVisible(3203)">special://skin\extras\music\background.jpg</value>
		<value condition="Window.IsVisible(home) + Control.HasFocus(9511) + !IsEmpty(Container(9511).ListItem.Art(fanart))">$INFO[Container(9511).ListItem.Art(fanart)]</value>
        <value condition="Window.IsVisible(home) + Control.HasFocus(9511) + IsEmpty(Container(9511).ListItem.Art(fanart))">$INFO[Container(9511).ListItem.Icon]</value>
        <value condition="!IsEmpty(Container(9501).ListItem.Art(fanart)) + [Window.IsVisible(3201) | Window.IsVisible(3202)]">$INFO[Container(9501).ListItem.Art(fanart)]</value>
        <value condition="IsEmpty(Container(9501).ListItem.Art(fanart)) + [Window.IsVisible(3201) | Window.IsVisible(3202)]">$INFO[Container(9501).ListItem.Icon]</value>
        <value condition="Window.IsVisible(weather)">$INFO[Skin.String(weather.fanart)]$INFO[Window(Weather).Property(Current.FanartCode)]/</value>
        <value condition="![Control.HasFocus(9500) | Control.HasFocus(9501)] + !IsEmpty(ListItem.Art(fanart))">$INFO[ListItem.Art(fanart)]</value>
        <value condition="![Control.HasFocus(9500) | Control.HasFocus(9501)] + !IsEmpty(ListItem.Property(Fanart_Image))">$INFO[ListItem.Property(Fanart_Image)]</value>
        <value condition="Window.IsVisible(home) + Control.IsVisible(9600) + Skin.HasSetting(home.usemixedglobalwidget) + IsEmpty(Skin.String(global.widget.path))">$INFO[Container(9600).ListItem.Icon]</value>
        <value condition="Window.IsVisible(home) + Control.IsVisible(9600) + !IsEmpty(Container(9600).ListItem.Art(fanart))">$INFO[Container(9600).ListItem.Art(fanart)]</value>
        <value condition="Window.IsVisible(home) + Control.IsVisible(9600) + [stringcompare(Window(home).Property(bgwidget.type),$LOCALIZE[108]) | IsEmpty(Window(home).Property(bgwidget))] + !Control.HasFocus(9600)">$INFO[Container(9600).ListItem.Path]</value>
        <value condition="Window.IsVisible(home) + Control.IsVisible(9600) + [stringcompare(Window(home).Property(bgwidget.type),$LOCALIZE[108]) | IsEmpty(Window(home).Property(bgwidget))] + Control.HasFocus(9600)">$INFO[Container(9600).ListItem.FileNameAndPath]</value>
        <value condition="Window.IsVisible(home) + Control.IsVisible(9600) + IsEmpty(Container(9600).ListItem.Art(fanart))">$INFO[Container(9600).ListItem.Icon]</value>
        <value condition="!IsEmpty(Skin.String(global.background2))">$INFO[Skin.String(global.background2)]</value>
        <value>special://skin/extras/backgrounds/splash2.jpg</value>
    </variable>
    
	

	
	 <include name="Home_Widget_Left">
        
		<include>Animation_Left</include>
        <visible>IntegerGreaterThan(Container(9001).NumItems,0)</visible>
        <include condition="Skin.HasSetting(home.showdiscart) + !stringcompare(Skin.String(home.widgetposters),$LOCALIZE[31154]) + !stringcompare(Skin.String(home.widgetposters),$LOCALIZE[31153])">Home_Widget_DiscArt</include>
        <control type="image">
            <posx>-100</posx>
            <width>900</width>
            <height>340</height>
            <animation effect="fade" start="100" end="90" time="200" condition="substring(Skin.CurrentColourTheme,Transparent) + [!stringcompare(Skin.String(home.widgetposters),$LOCALIZE[31154]) + !stringcompare(Skin.String(home.widgetposters),$LOCALIZE[31153]) + ![!IsEmpty(Container(9000).ListItem.Property(PosterWidget)) + stringcompare(Skin.String(home.widgetposters),$LOCALIZE[31166])] | [stringcompare(Skin.String(home.widgetposters),$LOCALIZE[31154]) + ![Control.HasFocus(9001) | Control.HasFocus(9101)]]]">Conditional</animation>
            <texture align="left" border="150" colordiffuse="HomeWidgetBG">common/half-tile.png</texture>
        </control>
        <control type="grouplist">     
            <posx>64</posx>
            <posy>20</posy>
            <width>650</width>
            <orientation>vertical</orientation>
            <control type="label">
                <label>$VAR[Label_HomeWidget]</label>
                <aligny>top</aligny>
                <height>35</height>
                <animation effect="fade" start="100" end="70" condition="true">Conditional</animation>
                <textcolor>HomeBarFG</textcolor>
            </control>
            <control type="label">
                <label>$VAR[Label_HomeWidget_Label]</label>
                <aligny>top</aligny>
                <font>Font-WidgetInfoTitle</font>
                <height>70</height>
                <textcolor>$VAR[HighlightColor2]</textcolor>
            </control>
            <control type="textbox">
                <label>$VAR[Label_HomeWidget_Plot]</label>
                <aligny>top</aligny>
                <align>left</align>
                <height>120</height>
                <animation effect="fade" start="100" end="70" condition="true">Conditional</animation>
                <textcolor>HomeBarFG</textcolor>
                <font>Font-ListInfo</font>
            </control>
            <control type="label">
                <label>$VAR[Label_HomeWidget_Info]</label>
                <aligny>center</aligny>
                <animation effect="fade" start="100" end="70" condition="true">Conditional</animation>
                <font>Font-ListInfo-Small</font>
                <height>65</height>
                <textcolor>HomeBarFG</textcolor>
            </control>
        </control>
    </include>
	
    <include name="GlobalBackground">
     <include>Furniture_Background</include>

	</include>
                		
</includes>
