<?xml version="1.0" encoding="UTF-8"?>
<!-- Foundation -->
<window type="window" id="1114">
	<backgroundcolor>Background</backgroundcolor>
	<defaultcontrol always="true">9501</defaultcontrol>
	<onunload>SetProperty(HubReturn,1114,home)</onunload>
	<controls>
								         <include condition="Skin.HasSetting(skin.2) + !Skin.HasSetting(skin.3)" name="Window_Music">
            <param name="categories" value="skinshortcuts-group-x1114" />
        </include>
		<include condition="!Skin.HasSetting(skin.2) + !Skin.HasSetting(skin.3)" name="Window_Music2">
            <param name="categories" value="skinshortcuts-group-x1114" />
        </include>
			<include condition="Skin.HasSetting(skin.3)" name="Window_Music3">
            <param name="categories" value="skinshortcuts-group-x1114" />
        </include>
	</controls>
</window>
