<?xml version="1.0" encoding="UTF-8"?>
<!-- Foundation -->
<window type="window" id="1116">
    <backgroundcolor>Background</backgroundcolor>
    <defaultcontrol always="true">9501</defaultcontrol>
    <onunload>SetProperty(HubReturn,1116,home)</onunload>
    <controls>	
												         <include condition="Skin.HasSetting(skin.2) + !Skin.HasSetting(skin.3)" name="Window_favorite">
            <param name="categories" value="skinshortcuts-group-x1116" />
        </include>
		<include condition="!Skin.HasSetting(skin.2) + !Skin.HasSetting(skin.3)" name="Window_favorite2">
            <param name="categories" value="skinshortcuts-group-x1116" />
        </include>
			<include condition="Skin.HasSetting(skin.3)" name="Window_favorite3">
            <param name="categories" value="skinshortcuts-group-x1116" />
        </include>
    </controls>
</window>