<?xml version="1.0" encoding="UTF-8"?>
<window>
    <defaultcontrol always="true">9000</defaultcontrol>
    <controls>
        <control type="group">
            <include>Animation_SlideIn</include>
            <centerleft>50%</centerleft>
            <width>1500</width>
            <bottom>64</bottom>
            <height>504</height>
            <include>Dialog_Background</include>
            <include name="Dialog_Top_IconHeader">
                <param name="label" value="$ADDON[script.skin.helper.service 32011]" />
                <param name="icon" value="special://skin/extras/icons/filebox.png" />
            </include>
            <control type="panel" id="3110">
                <onup>9000</onup>
                <ondown>noop</ondown>
                <right>0</right>
                <left>70</left>
                <top>80</top>
                <bottom>pad</bottom>
                <onleft>9000</onleft>
                <onright>9000</onright>
                <scrolltime>200</scrolltime>
                <orientation>vertical</orientation>
                <preloaditems>2</preloaditems>
                <itemlayout width="138" height="138">
                    <control type="image">
                        <left>0</left>
                        <top>0</top>
                        <right>pad</right>
                        <bottom>pad</bottom>
                        <texture colordiffuse="PosterBorder">common/white.png</texture>
                    </control>
                    <control type="image">
                        <top>pad</top>
                        <left>pad</left>
                        <right>side</right>
                        <bottom>side</bottom>
                        <aspectratio>keep</aspectratio>
                        <texture background="true">$INFO[ListItem.Icon]</texture>
                    </control>
                </itemlayout>
                <focusedlayout width="138" height="138">
                    <control type="image">
                        <left>0</left>
                        <top>0</top>
                        <right>pad</right>
                        <bottom>pad</bottom>
                        <texture colordiffuse="$VAR[HighlightColor]">common/white.png</texture>
                    </control>
                    <control type="image">
                        <top>pad</top>
                        <left>pad</left>
                        <right>side</right>
                        <bottom>side</bottom>
                        <aspectratio>keep</aspectratio>
                        <texture background="true">$INFO[ListItem.Icon]</texture>
                    </control>
                </focusedlayout>
            </control>
            <!-- Button grouplist -->
            <control type="grouplist" id="9000">
                <right>side</right>
                <top>15</top>
                <align>right</align>
                <height>60</height>
                <onleft>9000</onleft>
                <onright>9000</onright>
                <onup>3110</onup>
                <ondown>3110</ondown>
                <orientation>horizontal</orientation>
                <itemgap>pad</itemgap>
                <usecontrolcoords>true</usecontrolcoords>
				
				<control type="group" id="3020">
				<top>-5</top>
				<width>450</width>
				<height>60</height>
				<control type="label" id="3016">
					<!-- label opacity-->
					<width>150</width>
					<right>-20</right>
					<align>right</align>
					<onup>3110</onup>
					<label>$ADDON[script.skin.helper.service 32049]:</label>
					<include>Defs_OptionButton</include>
				</control>
				<control type="slider" id="3015">
					<!-- opacity slider -->
					<top>25</top>
					<left>160</left>
					<onup>3010</onup>
					<ondown>3010</ondown>
					<width>200</width>
				</control>
				
				<control type="label" id="3017">
					<!-- opacity percentage -->
			        <top>5</top>
					<width>120</width>
					<height>60</height>
					<left>70</left>
					<align>left</align>
					<onup>3110</onup>
					<onleft>3010</onleft>
					<label>$INFO[Control.Getlabel(3015)]</label>
					<include>Defs_OptionButton</include>
				</control>
			</control>
			
							<!-- None \ Default 
				<control type="button" id="3011">
					<width>260</width>
					<height>35</height>
					<textoffsetx>5</textoffsetx>			
					<label>571</label>
					<texturefocus colordiffuse="$VAR[main_color]">white.png</texturefocus>
					<font>font-20</font>
					<include>button_dialogs</include>
				</control>-->
				
				<!-- EDIT -->
                <control type="button" id="3010">
                    <width>400</width>
                    <height>100%</height>
                    <label>$ADDON[script.skin.helper.service 32012]$INFO[Window.Property(colorstring),  ,]</label>
                    <align>right</align>
                    <texturenofocus>noop</texturenofocus>
                    <texturefocus>noop</texturefocus>
                    <focusedcolor>$VAR[HighlightColor]</focusedcolor>
                    <include>Defs_OptionButton</include>
                </control>
											
                <!-- SAVE -->
                <control type="button" id="3012">
                    <width>280</width>
                    <height>100%</height>
                    <label>190</label>
                    <align>right</align>
                    <texturenofocus>noop</texturenofocus>
                    <texturefocus>noop</texturefocus>
					<onclick>SendClick(404)</onclick>			
                    <focusedcolor>$VAR[HighlightColor]</focusedcolor>
                    <include>Defs_OptionButton</include>
                </control>
                <control type="group">
                    <top>5</top>
                    <width>50</width>
                    <height>50</height>
                    <control type="image">
                        <width>100%</width>
                        <height>100%</height>
                        <texture colordiffuse="PosterBorder">common/white.png</texture>
                    </control>
                    <control type="image">
                        <top>pad</top>
                        <left>pad</left>
                        <right>pad</right>
                        <bottom>pad</bottom>
                        <texture colordiffuse="$INFO[Window.Property(colorstring)]">common/white.png</texture>
                    </control>
                </control>
            </control>
        </control>
        <control type="button" id="3017"><visible allowhiddenfocus="true">false</visible></control>
        <control type="group" id="3020">
            <control type="label" id="3016"><visible allowhiddenfocus="true">false</visible></control>
            <control type="slider" id="3015"><visible allowhiddenfocus="true">false</visible></control>
            <control type="label" id="3017"><visible allowhiddenfocus="true">false</visible></control>
        </control>
    </controls>
</window>
