<?xml version="1.0" encoding="UTF-8"?>
<!-- Foundation -->
<window type="window" id="1107">
    <backgroundcolor>Background</backgroundcolor>
    <defaultcontrol always="true">9501</defaultcontrol>
    <onunload>SetProperty(HubReturn,1107,home)</onunload>
    <controls>
			         <include condition="Skin.String(categories, em) + !Skin.String(categories, list)" name="Window_Hub">
            <param name="categories" value="skinshortcuts-group-x1107" />
        </include>
		<include condition="!Skin.String(categories, em) + !Skin.String(categories, list)" name="Window_Hub2">
            <param name="categories" value="skinshortcuts-group-x1107" />
        </include>
			<include condition="Skin.String(categories, list)" name="Window_Hub3">
            <param name="categories" value="skinshortcuts-group-x1107" />
        </include>
	
    </controls>
</window>
