<?xml version="1.0" encoding="UTF-8"?>
<!-- Foundation -->
<window type="window" id="1115">
    <backgroundcolor>Background</backgroundcolor>
    <defaultcontrol always="true">9501</defaultcontrol>
    <onunload>SetProperty(HubReturn,1115,home)</onunload>
    <controls>
	
					         <include condition="Skin.String(categories, em) + !Skin.String(categories, list)" name="Window_Channel">
            <param name="categories" value="skinshortcuts-group-x1115" />
        </include>
		<include condition="!Skin.String(categories, em) + !Skin.String(categories, list)" name="Window_Channel2">
            <param name="categories" value="skinshortcuts-group-x1115" />
        </include>
			<include condition="Skin.String(categories, list)" name="Window_Channel3">
            <param name="categories" value="skinshortcuts-group-x1115" />
        </include>
	
	
    </controls>
</window>