<?xml version="1.0" encoding="UTF-8"?>
<!-- Foundation -->
<window type="window" id="3205">
    <defaultcontrol always="true">9500</defaultcontrol>
    <allowoverlay>false</allowoverlay>
    <onload condition="IsEmpty(Window(home).Property(librarynode))">SetProperty(librarynode,videodb://movies/titles/,home)</onload>
    <onload>SetProperty(previoushub,3205,home)</onload>
    <onunload>ClearProperty(librarynode,home)</onunload>
    <controls>
        <include>GlobalBackground</include>
		     <include condition="Skin.HasSetting(header.Emtopbar)">Furniture_TopBar</include>
            <include condition="!Skin.HasSetting(header.Emtopbar)">GlobalTopBar</include>
			<include></include>
   
        <control type="group">
            <posx>horzpad</posx>
            <posy>topoffset</posy>
            <include>DialogVisibility</include>
            <include>Animation.SlideOpen.Right</include>
            <animation effect="slide" end="horznegpad" start="0" time="200" condition="ControlGroup(9000).HasFocus() | Window.IsActive(DialogContextMenu.xml)">Conditional</animation>
            
            <control type="label">
                <posx>984</posx>
                <posy>145</posy>
                <width>690</width>
                <font>Font-WidgetCategory</font>
                <label></label>
                <textcolor>SideLabel</textcolor>
            </control>
            
            <control type="list" id="9500">
                <posx>984</posx>
                <posy>listy</posy>
                <width>widgethubrightw</width>
                <height>700</height>
                <include></include>
                <onleft>9501</onleft>                
                <onup>9500</onup>
                <ondown>9500</ondown>
                <orientation>vertical</orientation>
                <include>HubCategoriesLayout</include>
                <content>
                    <include>skinshortcuts-group-kids</include>
                </content>
            </control>
            <control type="label">
                <posx>listx</posx>
                <posy>145</posy>
                <width>globalh</width>
                <font>Font-WidgetCategory</font>
				<label></label> 
				<textcolor>SideLabel</textcolor>
            </control>
            <control type="group">
                <posx>listx</posx>
                <posy>listy</posy>
                <control type="group">
                    <visible>!Control.HasFocus(9501)</visible>
                    <control type="image">
                        <width>955</width>
                        <height>globalh</height>
                        <texture colordiffuse="PosterBorder" border="5">common/border-inner.png</texture>
                    </control>
                    <control type="label">
                        <posx>20</posx>
                        <posy>555</posy>
                        <width>825</width>
                        <align>right</align>
                        <label></label>
                    </control>
                    <control type="label">
                        <posx>935</posx>
                        <posy>555</posy>
                        <width>915</width>
                        <align>right</align>
                        <font>Font-ListInfo-Small</font>
                        <label></label>
                    </control>
                    <control type="textbox">
                        <posx>20</posx>
                        <posy>606</posy>
                        <width>915</width>
                        <height>70</height>
                        <align>right</align>
                        <font>Font-ListInfo-Small</font>
                        <label>$VAR[WidgetPlot]</label>
                    </control>
                </control>
                <control type="group">
                    <visible>Control.HasFocus(9501)</visible>
                    <control type="image">
                        <width>955</width>
                        <height>globalh</height>
                        <texture colordiffuse="PosterHighlight" border="5">common/white.png</texture>
                    </control>
                    <control type="label">
                        <posx>20</posx>
                        <posy>555</posy>
                        <width>825</width>
                        <align>left</align>
                        <textcolor>Selected</textcolor>
                        <scroll>true</scroll>
                        <label></label>
                    </control>
                    <control type="label">
                        <posx>935</posx>
                        <posy>555</posy>
                        <width>915</width>
                        <align>right</align>
                        <font>Font-ListInfo-Small</font>
                        <textcolor>Selected</textcolor>
                        <label></label>
                    </control>
                    <control type="textbox">
                        <posx>20</posx>
                        <posy>606</posy>
                        <width>915</width>
                        <height>70</height>
                        <align>left</align>
                        <font>Font-ListInfo-Small</font>
                        <textcolor>Selected</textcolor>
                        <label>$VAR[WidgetPlot]</label>
                    </control>
                </control>
                <control type="wraplist" id="9501">
                    <posx>globalpad</posx>
                    <posy>globalpad</posy>
                    <onright>9500</onright>
                    <width>935</width>
                    <height>538</height>
                    <orientation>vertical</orientation>
                    <preloaditems>1</preloaditems>
                    <itemlayout width="935" height="538">
                        <control type="image">
                            <width>935</width>
                            <height>538</height>
                            <texture>$VAR[WidgetFanart]</texture>
                            <aspectratio>scale</aspectratio>
                        </control>
                    </itemlayout>
                    <focusedlayout width="935" height="538">
                        <control type="image">
                            <width>935</width>
                            <height>538</height>
                            <texture fallback="special://skin/extras/kids/background.jpg">$INFO[Container(9501).ListItem.Thumb]</texture>
                            <aspectratio>scale</aspectratio>
							<visible>!Player.HasVideo</visible>
                        </control>
                    </focusedlayout>
                    <content target="image">videodb://musicvideos/</content>
                </control>
      
      
            </control>
        </control>
        
    </controls>
    </window>