<?xml version="1.0" encoding="UTF-8"?>
<window type="dialog">
    <defaultcontrol always="true">50</defaultcontrol>

    <controls>
        <!-- Background -->
        <include>Furniture_Background</include>
        <include>Furniture_RSS</include>
        <include>Furniture_TopBar</include>

        <control type="group">
            <top>210</top>
            <bottom>133</bottom>
            <centerleft>50%</centerleft>
            <width>1920</width>
            <include>Animation_FadeIn</include>
            <include>Animation_FadeOut</include>
            <animation effect="slide" tween="quadratic" easing="out" time="300" start="0,1920" end="0">WindowOpen</animation>
            <animation effect="slide" tween="quadratic" easing="in" time="300" end="0,1920" start="0">WindowClose</animation>
            <control type="group">
                <top>70</top>
                <left>side</left>
                <right>0</right>
                <height>height</height>
                <control type="group">
                    <width>100%</width>
                    <height>height</height>
                   <!-- <include name="Object_Line">
                        <param name="width" value="1880" />
                        <param name="label" value="$INFO[Control.GetLabel(2)]" />
                    </include>-->
                    <include name="Dialog_ImageList">
                        <param name="id" value="50" />
                        <param name="type" value="panel" />
                        <param name="moveid" value="9000" />
                        <param name="left" value="0" />
                        <param name="width" value="1900" />
                        <param name="top" value="0" />
                        <param name="bottom" value="0" />
                        <param name="backpanel" value="true" />
                    </include>
                </control>
            </control>
        </control>

        <!-- Menu -->
        <control type="group">
            <visible allowhiddenfocus="true">ControlGroup(9000).HasFocus()</visible>
            <include>Dialog_Top</include>
            <include>Dialog_Background</include>
            <include name="Dialog_Top_IconHeader">
                <param name="label" value="$LOCALIZE[31068]" />
                <param name="icon" value="special://skin/extras/icons/settings.png" />
            </include>
            <include name="Dialog_Top_Arrows">
                <param name="id" value="9000" />
            </include>

            <control type="grouplist" id="9000">
                <include>Dialog_Top_GroupList</include>
                <defaultcontrol always="true">3</defaultcontrol>
                <control type="button" id="21">
                    <include>Defs_OptionButton</include>
                </control>
                <control type="radiobutton" id="22">
                    <include>Defs_OptionButton</include>
                </control>
                <control type="button" id="20">
                    <label>192</label>
                    <include>Defs_OptionButton</include>
                </control>
            </control>
        </control>
    </controls>

</window>