<?xml version="1.0" encoding="UTF-8"?>
<!-- Foundation -->
<window id="502">
    <include>50Focus</include>
    <background>0</background>
	<views>50,51,53,54,55,56,57,58,59,500,508,509,510,511,512,513,514,515,516,517,518,519,520,521,522,523,524,525,528,530,531,532,533,534,535,794</views>
    <onunload>ClearProperty(focushub,home)</onunload>

    <controls>

        <control type="radiobutton" id="19">
            <description>Filter (hidden)</description>
            <include>HiddenButton</include>
        </control>
        <include>ClearLogoMusic</include>
        <include>GlobalBackground</include>
        <include>DefLeftSideArrow</include>
        <include>DefMyNavViews</include>
        <include>DefFullScreenNav</include>
		
		     <include condition="Skin.HasSetting(header.Emtopbar)">Furniture_TopBar</include>
            <include condition="!Skin.HasSetting(header.Emtopbar)">GlobalTopBar</include>    
<include>DefMenuMouse</include>
			<include>muiscART</include>

        <control type="group">   
										<control type="button" id="9101">
		<right>0</right>
			<width>430</width>
			<top>top</top>
			<height>height</height>
				<texturenofocus>-</texturenofocus>
				<texturefocus>-</texturefocus>
				</control>										
								<control type="button" id="9101">
		<right>0</right>
			<width>430</width>
			<top>top</top>
			<height>height</height>
				<texturenofocus>-</texturenofocus>
				<texturefocus>-</texturefocus>
				</control>		
            <include>DefMyNavBar</include>  
            <control type="grouplist" id="9000">
                <visible>!Skin.HasSetting(kioskmode)</visible>
                <include>DefMyNavBarGroupList</include>
			   <control type="button" id="564">
			       <include>DefNavMenuButton2</include>  
				   <label>31343603</label>
				   <description>View</description>
				   <align>right</align>
				   <onclick>RunScript(script.skin.helper.service,action=setview)</onclick>
				</control>               
				<!--
				                <control type="button" id="9001">
                    <description>Fullscreen</description>
                    <include>DefNavMenuButton2</include>
                    <label>31158</label>
                    <onclick>Action(fullscreen)</onclick>
                    <visible>Player.HasMedia</visible>
                </control>
-->
                <control type="button" id="3">
                    <description>Sort</description>
                    <include>DefNavMenuButton2</include>
                </control>
                
                <control type="togglebutton" id="4">
                    <include>DefNavMenuButton2</include>
                    <alttexturefocus>noop</alttexturefocus>
                    <alttexturenofocus>noop</alttexturenofocus>
                    <label>584</label>
                    <altlabel>585</altlabel>
                    <usealttexture>Container.SortDirection(Ascending)</usealttexture>
                </control>
                
                <control type="togglebutton" id="9007">
                    <include>DefNavMenuButton2</include>
                    <onclick>Skin.ToggleSetting(wallviewmusic.info)</onclick>
                    <onclick>ReloadSkin()</onclick>
                    <visible>Control.IsVisible(52)</visible>
                    <label>31150</label>
                    <altlabel>31151</altlabel>
                    <usealttexture>Skin.HasSetting(wallviewmusic.info)</usealttexture>
                    <alttexturefocus>noop</alttexturefocus>
                    <alttexturenofocus>noop</alttexturenofocus>
                </control>
                
                <control type="button" id="5">
                    <label>1214</label>
                    <description>Files</description>
                    <include>DefNavMenuButton2</include>
                </control>

                <control type="button" id="21">
                    <description>Activate Filter</description>
                    <include>DefNavMenuButton2</include>
                    <label>$LOCALIZE[587]$INFO[Window.Property(filter),: ,]</label>
                    <onclick>SendClick(videolibrary,19)</onclick>
                    <onclick>SetFocus(21)</onclick>
                </control>
                
                <control type="button" id="9002">
                    <description>Search</description>
                    <include>DefNavMenuButton2</include>
                    <onclick>SetFocus(50)</onclick>
                    <onclick>RunScript(script.globalsearch)</onclick>
                    <label>137</label>
                </control>
                
                <control type="togglebutton" id="20" description="Update library">
                    <label>653</label>
                    <altlabel>13353</altlabel>
                    <usealttexture>library.isscanningvideo</usealttexture>
                    <include>DefNavMenuButton2</include>
                </control>
                
                <control type="button" id="98">
                    <description>Open Home Jumplist</description>
                    <include>DefNavMenuButton2</include>
                    <label>31108</label>
                    <onclick>ActivateWindow(playercontrols)</onclick>
                </control>

                <control type="radiobutton" id="16">
                    <description>PartyMode</description>
                    <include>DefNavMenuButton2</include>
                    <label>589</label>
                    <selected>MusicPartyMode.Enabled</selected>
                    <visible>!Container.Content(musicvideos)</visible>
                </control>
                
                <control type="radiobutton" id="17">
                    <description>PartyMode</description>
                    <include>DefNavMenuButton2</include>
                    <onclick>PlayerControl(Partymode(video))</onclick>
                    <label>589</label>
                    <selected>MusicPartyMode.Enabled</selected>
                    <visible>Container.Content(musicvideos)</visible>
                </control>
                
                
                <control type="button" id="18">
                    <description>Music Playlist</description>
                    <include>DefNavMenuButton2</include>
                    <label>559</label>
                    <onclick>ActivateWindow(MusicPlaylist)</onclick>
                    <visible>IntegerGreaterThan(Playlist.Length(music),1)</visible>
                </control>
                

            </control>
        </control>
        
    </controls>

</window>
