<?xml version="1.0" encoding="UTF-8"?>
<!-- Foundation -->
<window type="dialog" id="3005">
	<zorder>1</zorder>
	<visible>!Window.IsActive(DialogExtendedProgressBar.xml) + !Window.IsVisible(3101) + !Window.IsActive(DialogKaiToast.xml) + !Window.IsVisible(screensaver) + !Window.IsVisible(startup) + !Skin.HasSetting(disable.rss) + !Window.IsVisible(home) + !Window.IsVisible(fullscreenvideo) + !Window.IsVisible(visualisation) + !ControlGroup(300).HasFocus()</visible>
	            <visible>!Player.HasMedia</visible>

	<controls>
	    <control type="image">
	        <posx>16</posx>
	        <posy>48r</posy>
	        <width>32</width>
	        <height>32</height>
	        <texture colordiffuse="PanelFG-NF">buttons/rss.png</texture>
	    </control>
        <control type="rss">
            <posx>48</posx>
            <posy>1032</posy>
            <width>1870</width>
            <font>Font-RSS</font>
            <textcolor>PanelFG-NF</textcolor>
            <headlinecolor>PanelFG-NF</headlinecolor>
            <titlecolor>PanelFG</titlecolor>
            <visible>[Window.IsVisible(3202) + !Window.IsActive(DialogExtendedProgressBar.xml) +  !Window.IsActive(DialogKaiToast.xml) + IsEmpty(Window(home).Property(NextAired.1.Label))] | !Skin.HasSetting(rss.tvnextaired) | [!Window.IsVisible(3202) + ![Container.Content(tvshows) | Container.Content(seasons) | Container.Content(episodes)]]</visible>
        </control>
        

        
	    
	</controls>
</window>