<window type="dialog">
    <zorder>5</zorder>
    <defaultcontrol always="true">120</defaultcontrol>
    <controls>
        <control type="group">
            <posy>-8</posy>
            <include>Animation.FadeIn.Up</include>
            <include>Animation.FadeOut</include>
            
            <control type="image">
                <posy>210</posy>
                <posx>-10</posx>
                <width>1940</width>
                <height>700</height>
                <texture colordiffuse="setsubs" border="5">common/white.png</texture>
                <animation effect="fade" end="90" condition="true">Conditional</animation>
                <bordertexture colordiffuse="PosterBorder" border="5">common/border-inner.png</bordertexture>
                <bordersize>1</bordersize>
            </control>
            
            <control type="label" id="100">
                <description>Header Label</description>
                <textcolor>TopBarIcon</textcolor>
                <posx>265</posx>
                <posy>250</posy>
                <width>1438</width>
                <align>left</align>
                <font>Font-DialogHeader</font>
            </control>
            
            <control type="label" id="140">
                <description>Content Picker label</description>
                <posx>295</posx>
                <posy>-2000</posy>
                <width>1438</width>
                <align>left</align>
                <textcolor>Disabled</textcolor>
            </control>
            
            <control type="label">
                <description>Content Picker label</description>
                <posx>295</posx>
                <posy>300</posy>
                <width>1438</width>
                <align>left</align>
                <textcolor>Disabled</textcolor>
                <label>$INFO[Control.GetLabel(140),,   ]$INFO[Player.FileName]</label>
            </control>

            
            
            <control type="list" id="120">
                <posx>295</posx>
                <posy>360</posy>
                <width>1438</width>
                <height>540</height>
                <onup>120</onup>
                <onleft>150</onleft>
                <onright>150</onright>
                <ondown>120</ondown>
                <itemlayout height="69">
                    <control type="image">
                        <posx>11</posx>
                        <posy>12</posy>
                        <width>44</width>
                        <height>44</height>
                        <texture fallback="DefaultAddonNone.png">subs/$INFO[ListItem.Thumb].png</texture>
                    </control>
                    <control type="image">
                        <left>77</left>
                        <top>22</top>
                        <width>100</width>
                        <height>24</height>
                        <aspectratio align="left">keep</aspectratio>
                        <texture>subs/icon_close_caption.png</texture>
                        <visible>!ListItem.property(hearing_imp)</visible>
                        <colordiffuse>Disabled</colordiffuse>
                        <animation effect="fade" start="100" end="25" condition="true">Conditional</animation>
                    </control>
                    <control type="image">
                        <left>130</left>
                        <top>22</top>
                        <width>100</width>
                        <height>24</height>
                        <aspectratio align="left">keep</aspectratio>
                        <texture>subs/icon_sync.png</texture>
                        <visible>!ListItem.property(sync)</visible>
                        <colordiffuse>Disabled</colordiffuse>
                        <animation effect="fade" start="100" end="25" condition="true">Conditional</animation>
                    </control>
                    <control type="image">
                        <left>77</left>
                        <top>22</top>
                        <width>100</width>
                        <height>24</height>
                        <aspectratio align="left">keep</aspectratio>
                        <texture>subs/icon_close_caption.png</texture>
                        <visible>ListItem.property(hearing_imp)</visible>
                    </control>
                    <control type="image">
                        <left>130</left>
                        <top>22</top>
                        <width>100</width>
                        <height>24</height>
                        <aspectratio align="left">keep</aspectratio>
                        <texture>subs/icon_sync.png</texture>
                        <visible>ListItem.property(sync)</visible>
                    </control>

                    <control type="label">
                        <posx>227</posx>
                        <width>900</width>
                        <height>66</height>
                        <aligny>center</aligny>
                        <label>$INFO[ListItem.Label,,  •  ]$INFO[ListItem.Label2]</label>
                        <textcolor>TopBarIcon</textcolor>
                        <font>Font-ListInfo</font>
                    </control>

                </itemlayout>

                <focusedlayout height="69">
            
                    <control type="image">
                        <posx>11</posx>
                        <posy>12</posy>
                        <width>44</width>
                        <height>44</height>
                        <texture fallback="DefaultAddonNone.png">subs/$INFO[ListItem.Thumb].png</texture>
                    </control>
                    <control type="image">
                        <left>77</left>
                        <top>22</top>
                        <width>100</width>
                        <height>24</height>
                        <aspectratio align="left">keep</aspectratio>
                        <texture>subs/icon_close_caption.png</texture>
                        <visible>!ListItem.property(hearing_imp)</visible>
                        <colordiffuse>Disabled</colordiffuse>
                        <animation effect="fade" start="100" end="25" condition="true">Conditional</animation>
                    </control>
                    <control type="image">
                        <left>130</left>
                        <top>22</top>
                        <width>100</width>
                        <height>24</height>
                        <aspectratio align="left">keep</aspectratio>
                        <texture>subs/icon_sync.png</texture>
                        <visible>!ListItem.property(sync)</visible>
                        <colordiffuse>Disabled</colordiffuse>
                        <animation effect="fade" start="100" end="25" condition="true">Conditional</animation>
                    </control>
                    <control type="image">
                        <left>77</left>
                        <top>22</top>
                        <width>100</width>
                        <height>24</height>
                        <aspectratio align="left">keep</aspectratio>
                        <texture>subs/icon_close_caption.png</texture>
                        <visible>ListItem.property(hearing_imp)</visible>
                    </control>
                    <control type="image">
                        <left>130</left>
                        <top>22</top>
                        <width>100</width>
                        <height>24</height>
                        <aspectratio align="left">keep</aspectratio>
                        <texture>subs/icon_sync.png</texture>
                        <visible>ListItem.property(sync)</visible>
                    </control>
                    <control type="label">
                        <posx>227</posx>
                        <width>900</width>
                        <height>66</height>
                        <aligny>center</aligny>
                        <label>$INFO[ListItem.Label,,  •  ]$INFO[ListItem.Label2]</label>
                        <textcolor>Highlight</textcolor>
                        <font>Font-ListInfo</font>
                    </control>
         
                </focusedlayout>

            </control>
            
            <control type="image" id="110">
                <posx>1522</posx>
                <posy>250</posy>
                <width>330</width>
                <height>120</height>
                <aspectratio align="center" aligny="top">keep</aspectratio>
            </control>
            
            <control type="button" id="160">
                <posx>1680</posx>
                <posy>370</posy>
                <width>450</width>
                <height>66</height>
                <label>31200</label>
                <ondown>150</ondown>
                <onleft>120</onleft>
                <align>left</align>
                <focusedcolor>Highlight</focusedcolor>
                <texturefocus>noop</texturefocus>
            </control>
            
			<!-- מסגרת מקור כתוביות -->
			            <control type="image">
                <posy>210</posy>
                <posx>1500</posx>
                <width>1000</width>
                <height>700</height>
                <texture colordiffuse="SUB-Zeev2" border="5">common/white.png</texture>
                <animation effect="fade" end="90" condition="true">Conditional</animation>
                <bordertexture colordiffuse="PosterBorder" border="5">common/border-inner.png</bordertexture>
                <bordersize>1</bordersize>
            </control>
			
            <control type="list" id="150">
                <description>Button Area</description>
                <posx>1500</posx>
                <posy>420</posy>
                <width>450</width>
                <height>700</height>
                <onleft>120</onleft>
                <onright>120</onright>
                <onup>160</onup>
                <ondown>120</ondown>
                <orientation>vertical</orientation>
                <scrolltime>0</scrolltime>
                <itemlayout height="69">
                    <control type="label">
                        <posx>30</posx>
                        <width>1200</width>
                        <height>66</height>
                        <aligny>center</aligny>
                        <label>$INFO[ListItem.Label]</label>
                        <textcolor>Disabled</textcolor>
                        <selectedcolor>TopBarIcon</selectedcolor>
                    </control>

                </itemlayout>

                <focusedlayout height="69">
                    <control type="label">
                        <posx>30</posx>
                        <width>1200</width>
                        <height>66</height>
                        <aligny>center</aligny>
                        <label>$INFO[ListItem.Label]</label>
                        <textcolor>Highlight</textcolor>
                        <selectedcolor>Highlight</selectedcolor>
                        <visible>Control.HasFocus(150)</visible>
                    </control>
                    <control type="label">
                        <posx>30</posx>
                        <width>1200</width>
                        <height>66</height>
                        <aligny>center</aligny>
                        <label>$INFO[ListItem.Label]</label>
                        <textcolor>Disabled</textcolor>
                        <selectedcolor>TopBarIcon</selectedcolor>
                        <visible>!Control.HasFocus(150)</visible>
                    </control>
               </focusedlayout>

            </control>
        </control>
    </controls>
</window>
