<?xml version="1.0" encoding="UTF-8"?>
<includes>
	<variable name="GlobalSearchSideLabel">
		<value condition="ControlGroup(9500).HasFocus(119) | Control.HasFocus(111)">$LOCALIZE[20342]</value>
		<value condition="ControlGroup(9500).HasFocus(129) | Control.HasFocus(121)">$LOCALIZE[20343]</value>
		<value condition="ControlGroup(9500).HasFocus(139) | Control.HasFocus(131)">$LOCALIZE[33054]</value>
		<value condition="ControlGroup(9500).HasFocus(149) | Control.HasFocus(141)">$LOCALIZE[20360]</value>
		<value condition="ControlGroup(9500).HasFocus(159) | Control.HasFocus(151)">$LOCALIZE[20389]</value>
		<value condition="ControlGroup(9500).HasFocus(169) | Control.HasFocus(161)">$LOCALIZE[133]</value>
		<value condition="ControlGroup(9500).HasFocus(179) | Control.HasFocus(171)">$LOCALIZE[132]</value>
		<value condition="ControlGroup(9500).HasFocus(189) | Control.HasFocus(181)">$LOCALIZE[134]</value>
	</variable>

	<include name="GlobalSearchContentItem">

		<control type="group" description="Poster">
			<visible>ControlGroup(9500).HasFocus(139) | Control.IsVisible(131) | ControlGroup(9500).HasFocus(119) | Control.IsVisible(111) | ControlGroup(9500).HasFocus(129) | Control.IsVisible(121)</visible>
			<control type="image">
				<posx>725</posx>
				<posy>globalpad</posy>
				<height>320</height>
				<width>213</width>
				<texture>$INFO[ListItem.Thumb]</texture>
				<aspectratio>scale</aspectratio>
			</control>
			<control type="group">
				<posx>200</posx>
				<posy>globalpad</posy>
				<control type="label">
					<align>right</align>
					<width>700</width>
					<height>160</height>
					<posx>-190</posx>
					<posy>-50</posy>
					<label>$INFO[ListItem.Label]$INFO[ListItem.Property(Year), (,)]</label>
					<font>Font-ListHeader</font>
				</control>
				<control type="label">
					<align>right</align>
					<width>700</width>
					<height>160</height>
					<posx>-190</posx>
					<posy>0</posy>
					<label>$INFO[ListItem.Property(Genre)]</label>
					<font>Font-ListInfo</font>
				</control>
				<control type="textbox">
					<top>100</top>
					<width>700</width>
					<height>180</height>
					<posx>-190</posx>
					<aligny>top</aligny>
					<align>right</align>
					<label>$INFO[ListItem.Property(Plot)]</label>
					<font>Font-ListInfo-Small</font>
					<scroll>false</scroll>
				</control>
				<control type="label">
					<align>right</align>
					<width>700</width>
					<height>160</height>
					<posx>-190</posx>
					<posy>220</posy>
					<label>$INFO[ListItem.Property(Mpaa),,  •  ]$INFO[ListItem.Property(Duration),, $LOCALIZE[12391]  •  ]$INFO[ListItem.Property(Rating)]</label>
					<font>Font-ListInfo-Small</font>
				</control>
			</control>
		</control>
		<control type="group" description="Square">
			<visible>![ControlGroup(9500).HasFocus(139) | Control.IsVisible(131) | ControlGroup(9500).HasFocus(119) | Control.IsVisible(111) | ControlGroup(9500).HasFocus(129) | Control.IsVisible(121)]</visible>
			<control type="image">
				<posx>globalpad</posx>
				<posy>globalpad</posy>
				<height>320</height>
				<width>320</width>
				<texture>$INFO[ListItem.Thumb]</texture>
				<aspectratio>scale</aspectratio>
			</control>
			<control type="group">
				<left>350</left>
				<right>20</right>
				<posy>globalpad</posy>
				<control type="label">
					<aligny>top</aligny>
					<align>right</align>
					<label>$INFO[ListItem.Label]</label>
					<font>Font-ListHeader</font>
				</control>
				<control type="label">
					<posy>50</posy>
					<aligny>top</aligny>
					<align>right</align>

					<label>$INFO[ListItem.Property(TvShowTitle)]$INFO[ListItem.Property(Genre)]</label>
					<font>Font-ListInfo</font>
				</control>
				<control type="textbox">
					<top>100</top>
					<width>100%</width>
					<height>160</height>
					<aligny>top</aligny>
					<label>$INFO[ListItem.Property(Plot)]</label>
					<align>right</align>

					<font>Font-ListInfo-Small</font>
					<visible>ControlGroup(9500).HasFocus(149) | Control.IsVisible(141)</visible>
				</control>
				<control type="label">
					<right>0</right>
					<width>100%</width>
					<bottom>0</bottom>
					<aligny>top</aligny>
					<align>right</align>
					<label>$INFO[ListItem.Property(Season),S,]$INFO[ListItem.Property(Episode),E,  •  ]$INFO[ListItem.Property(Premiered),,  •  ]$INFO[ListItem.Property(Duration),, $LOCALIZE[12391]  •  ]$INFO[ListItem.Property(Rating)]</label>
					<font>Font-ListInfo-Small</font>
					<visible>ControlGroup(9500).HasFocus(149) | Control.IsVisible(141)</visible>
				</control>
				<control type="textbox">
					<top>100</top>
					<width>100%</width>
					<height>160</height>
					<aligny>top</aligny>

					<label>$INFO[ListItem.Property(Artist_Description)]$INFO[ListItem.Property(Album_Description)]</label>
					<font>Font-ListInfo-Small</font>
					<scroll>false</scroll>
					<visible>!ControlGroup(9500).HasFocus(149) + !Control.IsVisible(141) + !ControlGroup(9500).HasFocus(189) + !Control.IsVisible(181)</visible>
				</control>
				<control type="textbox">
					<top>100</top>
					<width>100%</width>
					<height>160</height>
					<aligny>top</aligny>
					<label>$INFO[ListItem.Property(Artist),,[CR]]$INFO[ListItem.Property(Album),,[CR]]</label>
					<font>Font-ListInfo-Small</font>
					<scroll>false</scroll>
					<visible>ControlGroup(9500).HasFocus(189) | Control.IsVisible(181)</visible>
				</control>
				<control type="label">
					<right>0</right>
					<width>100%</width>
					<bottom>0</bottom>
					<aligny>top</aligny>
					<align>right</align>
					<label>$INFO[ListItem.Property(Duration),,  •  ]$INFO[ListItem.Property(Year)]</label>
					<font>Font-ListInfo-Small</font>
					<visible>![ControlGroup(9500).HasFocus(149) | Control.IsVisible(141)]</visible>
				</control>
			</control>
		</control>

	</include>
	<include name="GlobalSearchContentFocus">
		<control type="group" description="Poster">
			<visible>ControlGroup(9500).HasFocus(139) | Control.IsVisible(131) | ControlGroup(9500).HasFocus(119) | Control.IsVisible(111) | ControlGroup(9500).HasFocus(129) | Control.IsVisible(121)</visible>
			<control type="image">
				<posx>725</posx>
				<posy>globalpad</posy>
				<height>320</height>
				<width>213</width>
				<texture>$INFO[ListItem.Thumb]</texture>
				<aspectratio>scale</aspectratio>
			</control>
			<!-- טקסט בלחיצה -->           
			<control type="group">
				<posx>200</posx>
				<posy>globalpad</posy>
				<control type="label">
					<align>right</align>
					<width>700</width>
					<height>160</height>
					<posx>-190</posx>
					<posy>-50</posy>
					<label>$INFO[ListItem.Label]$INFO[ListItem.Property(Year), (,)]</label>
					<font>Font-ListHeader</font>
					<textcolor>Selected</textcolor>
				</control>
				<control type="label">
					<align>right</align>
					<width>700</width>
					<height>160</height>
					<posx>-190</posx>
					<posy>0</posy>
					<label>$INFO[ListItem.Property(Genre)]</label>
					<font>Font-ListInfo</font>
					<textcolor>Selected</textcolor>
				</control>
				<control type="textbox">
					<top>100</top>
					<width>700</width>
					<height>180</height>
					<posx>-190</posx>
					<aligny>top</aligny>
					<align>right</align>
					<label>$INFO[ListItem.Property(Plot)]</label>
					<align>right</align>

					<font>Font-ListInfo-Small</font>
					<textcolor>Selected</textcolor>
				</control>
				<control type="label">
					<align>right</align>
					<width>700</width>
					<height>160</height>
					<posx>-190</posx>
					<posy>220</posy>
					<label>$INFO[ListItem.Property(Mpaa),,  •  ]$INFO[ListItem.Property(Duration),, $LOCALIZE[12391]  •  ]$INFO[ListItem.Property(Rating)]</label>
					<font>Font-ListInfo-Small</font>
					<textcolor>Selected</textcolor>
				</control>
			</control>
		</control>
		<control type="group" description="Square">
			<visible>![ControlGroup(9500).HasFocus(139) | Control.IsVisible(131) | ControlGroup(9500).HasFocus(119) | Control.IsVisible(111) | ControlGroup(9500).HasFocus(129) | Control.IsVisible(121)]</visible>
			<control type="image">
				<posx>globalpad</posx>
				<posy>globalpad</posy>
				<height>320</height>
				<width>320</width>
				<texture>$INFO[ListItem.Thumb]</texture>
				<aspectratio>scale</aspectratio>
			</control>
			<control type="group">
				<left>350</left>
				<right>20</right>
				<posy>globalpad</posy>
				<control type="label">
					<aligny>top</aligny>
					<align>right</align>
					<label>$INFO[ListItem.Label]</label>
					<font>Font-ListHeader</font>
					<textcolor>Selected</textcolor>
				</control>
				<control type="label">
					<posy>50</posy>
					<aligny>top</aligny>
					<label>$INFO[ListItem.Property(TvShowTitle)]$INFO[ListItem.Property(Genre)]</label>
					<font>Font-ListInfo</font>
					<textcolor>Selected</textcolor>
				</control>
				<control type="textbox">
					<top>100</top>
					<width>100%</width>
					<height>160</height>
					<aligny>top</aligny>
					<align>right</align>
					<label>$INFO[ListItem.Property(Plot)]</label>
					<font>Font-ListInfo-Small</font>
					<textcolor>Selected</textcolor>
					<visible>ControlGroup(9500).HasFocus(149) | Control.IsVisible(141)</visible>
				</control>
				<control type="label">
					<right>0</right>
					<width>100%</width>
					<bottom>0</bottom>
					<aligny>top</aligny>
					<align>right</align>
					<label>$INFO[ListItem.Property(Season),S,]$INFO[ListItem.Property(Episode),E,  •  ]$INFO[ListItem.Property(Premiered),,  •  ]$INFO[ListItem.Property(Duration),, $LOCALIZE[12391]  •  ]$INFO[ListItem.Property(Rating)]</label>
					<font>Font-ListInfo-Small</font>
					<textcolor>Selected</textcolor>
					<visible>ControlGroup(9500).HasFocus(149) | Control.IsVisible(141)</visible>
				</control>
				<control type="textbox">
					<top>100</top>
					<width>100%</width>
					<height>160</height>
					<aligny>top</aligny>
					<label>$INFO[ListItem.Property(Artist_Description)]$INFO[ListItem.Property(Album_Description)]</label>
					<font>Font-ListInfo-Small</font>
					<textcolor>Selected</textcolor>
					<visible>!ControlGroup(9500).HasFocus(149) + !Control.IsVisible(141) + !ControlGroup(9500).HasFocus(189) + !Control.IsVisible(181)</visible>
				</control>
				<control type="textbox">
					<top>100</top>
					<width>100%</width>
					<height>160</height>
					<aligny>top</aligny>
					<label>$INFO[ListItem.Property(Artist),,[CR]]$INFO[ListItem.Property(Album),,[CR]]</label>
					<font>Font-ListInfo-Small</font>
					<textcolor>Selected</textcolor>
					<visible>ControlGroup(9500).HasFocus(189) | Control.IsVisible(181)</visible>
				</control>
				<control type="label">
					<right>0</right>
					<width>100%</width>
					<bottom>0</bottom>
					<aligny>top</aligny>
					<align>right</align>
					<label>$INFO[ListItem.Property(Duration),,  •  ]$INFO[ListItem.Property(Year)]</label>
					<font>Font-ListInfo-Small</font>
					<textcolor>Selected</textcolor>
					<visible>![ControlGroup(9500).HasFocus(149) | Control.IsVisible(141)]</visible>
				</control>
			</control>
		</control>

	</include>

	<include name="GlobalSearchList">
		<left>-490</left>
		<width>955</width>
		<height>700</height>
		<onright>9500</onright>
		<backspace>esq</backspace>
		<!--<onright>Action(Info)</onright>-->
		<focusposition>0</focusposition>
		<movement>1</movement>
		<viewtype label="31152">list</viewtype>
		<scrolltime tween="quadratic">400</scrolltime>
		<orientation>vertical</orientation>
		<itemlayout height="350" width="955">
			<control type="image">
				<height>340</height>
				<width>100%</width>
				<texture colordiffuse="sethub" border="5">common/border-inner.png</texture>
			</control>
			<include>GlobalSearchContentItem</include>
		</itemlayout>
		<focusedlayout height="350" width="955">
			<control type="group">
				<visible>ControlGroup(9500).HasFocus()</visible>
				<control type="image">
					<height>340</height>
					<width>100%</width>
					<texture colordiffuse="sethub" border="5">common/border-inner.png</texture>
				</control>
				<include>GlobalSearchContentItem</include>
			</control>
			<control type="group">
				<visible>!ControlGroup(9500).HasFocus()</visible>
				<control type="image">
					<height>340</height>
					<width>100%</width>
					<texture colordiffuse="PosterHighlight" border="5">common/white.png</texture>
				</control>
				<include>GlobalSearchContentFocus</include>
			</control>
		</focusedlayout>
	</include>

	<include name="GlobalSearchWindow">
		<control type="group" id="100">
			<control type="image">
				<include>Dimensions_Fullscreen</include>
				<texture colordiffuse="Panel-OSD2">common/white.png</texture>
			</control>
			<control type="button" description="Mouse Button">
				<posy>600</posy>
				<posx>1760</posx>
				<width>48</width>
				<height>48</height>            
				<animation effect="fade" end="75" condition="true">Conditional</animation>
				<animation effect="fade" start="0" end="100" delay="200" time="650" reversible="false">WindowOpen</animation>
				<animation effect="fade" start="0" end="100" delay="200" time="650" reversible="false">Visible</animation>
				<animation effect="fade" start="100" end="0" delay="0" time="0" reversible="false">WindowClose</animation>
				<animation effect="fade" start="100" end="0" delay="0" time="0" reversible="false">Hidden</animation>
				<onclick>Action(Info)</onclick>
				<animation effect="slide" end="-1920" start="0" delay="0" time="200" condition="Window.IsActive(script-globalsearch-infodialog.xml)">Conditional</animation>
				<animation effect="slide" end="horznegpad" start="0" time="200" condition="Window.IsActive(script-globalsearch-contextmenu.xml)">Conditional</animation>
			</control>
			<control type="group">
				<animation effect="slide" end="-1920" start="0" delay="0" time="200" condition="Window.IsActive(script-globalsearch-infodialog.xml)">Conditional</animation>
				<animation effect="slide" end="horznegpad" start="0" time="200" condition="Window.IsActive(script-globalsearch-contextmenu.xml)">Conditional</animation>
				<include>Animation.SlideOpen.Left</include>


				<posx>horzpad</posx>
				<posy>70</posy>
				<control type="label">
					<include>DefSideLabelCoords</include>
					<label></label>
					<include>Animation.FadeIn</include>
					<include>Animation.FadeOut</include>
					<visible>!Window.IsActive(script-globalsearch-contextmenu.xml)</visible>
				</control>

				<control type="group">
					<posx>listx</posx>
					<posy>listy</posy>
					<width>globalw</width>
					<control type="grouplist" id="9500" description="Side List">
						<width>widgethubrightw</width>
						<onleft>9501</onleft>
						<height>700</height>
						<posx>960</posx>
						<orientation>vertical</orientation>
						<itemgap>10</itemgap>
						<control type="button" id="119" description="Movies">
							<left>0</left>
							<right>0</right>
							<height>90</height>
							<align>right</align>
							<texturenofocus colordiffuse="sethub" border="5">common/border-inner.png</texturenofocus>
							<texturefocus colordiffuse="PosterHighlight" border="5">common/white.png</texturefocus>
							<label>$INFO[Control.GetLabel(110)] - $LOCALIZE[20342]</label>

						</control>                 
						<control type="button" id="129" description="Tv Shows">
							<left>0</left>
							<right>0</right>
							<height>90</height>
							<align>right</align>
							<texturenofocus colordiffuse="sethub" border="5">common/border-inner.png</texturenofocus>
							<texturefocus colordiffuse="PosterHighlight" border="5">common/white.png</texturefocus>
							<label>$INFO[Control.GetLabel(120)] - $LOCALIZE[20343]</label>
						</control>
						<control type="button" id="139" description="Seasons">
							<left>0</left>
							<right>0</right>
							<height>90</height>
							<align>right</align>
							<texturenofocus colordiffuse="sethub" border="5">common/border-inner.png</texturenofocus>
							<texturefocus colordiffuse="PosterHighlight" border="5">common/white.png</texturefocus>
							<label>$INFO[Control.GetLabel(130)] - $LOCALIZE[33054]</label>
						</control>
						<control type="button" id="149" description="Episodes">
							<left>0</left>
							<right>0</right>
							<height>90</height>
							<align>right</align>
							<texturenofocus colordiffuse="sethub" border="5">common/border-inner.png</texturenofocus>
							<texturefocus colordiffuse="PosterHighlight" border="5">common/white.png</texturefocus>
							<label>$INFO[Control.GetLabel(140)] - $LOCALIZE[20360]</label>
						</control>
						<control type="button" id="159" description="Music Videos">
							<left>0</left>
							<right>0</right>
							<height>90</height>
							<align>right</align>
							<texturenofocus colordiffuse="sethub" border="5">common/border-inner.png</texturenofocus>
							<texturefocus colordiffuse="PosterHighlight" border="5">common/white.png</texturefocus>
							<label>$INFO[Control.GetLabel(150)] - $LOCALIZE[20389]</label>
						</control>
						<control type="button" id="169" description="Artists">
							<left>0</left>
							<right>0</right>
							<height>90</height>
							<align>right</align>
							<texturenofocus colordiffuse="sethub" border="5">common/border-inner.png</texturenofocus>
							<texturefocus colordiffuse="PosterHighlight" border="5">common/white.png</texturefocus>
							<label>$INFO[Control.GetLabel(160)] - $LOCALIZE[133]</label>
						</control>
						<control type="button" id="179" description="Albums">
							<left>0</left>
							<right>0</right>
							<height>90</height>
							<align>right</align>
							<texturenofocus colordiffuse="sethub" border="5">common/border-inner.png</texturenofocus>
							<texturefocus colordiffuse="PosterHighlight" border="5">common/white.png</texturefocus>
							<label>$INFO[Control.GetLabel(170)] - $LOCALIZE[132]</label>
						</control>
						<control type="button" id="189" description="Songs">
							<left>0</left>
							<right>0</right>
							<height>90</height>
							<align>right</align>
							<texturenofocus colordiffuse="sethub" border="5">common/border-inner.png</texturenofocus>
							<texturefocus colordiffuse="PosterHighlight" border="5">common/white.png</texturefocus>
							<label>$INFO[Control.GetLabel(180)] - $LOCALIZE[134]</label>
						</control>
						<control type="button" id="198" description="New Search">
							<left>0</left>
							<right>0</right>
							<height>90</height>
							<align>right</align>
							<texturenofocus colordiffuse="sethub" border="5">common/border-inner.png</texturenofocus>
							<texturefocus colordiffuse="PosterHighlight" border="5">common/white.png</texturefocus>
						</control>

					</control>

					<control type="group" id="9501">
						<posx>widgethubrightw</posx>
						<control type="list" id="111">
							<include>GlobalSearchList</include>
							<visible>ControlGroup(9500).HasFocus(119)</visible>
						</control>
						<control type="list" id="121">
							<include>GlobalSearchList</include>
							<visible>ControlGroup(9500).HasFocus(129)</visible>
						</control>
						<control type="list" id="131">
							<include>GlobalSearchList</include>
							<visible>ControlGroup(9500).HasFocus(139)</visible>
						</control>
						<control type="list" id="141">
							<include>GlobalSearchList</include>
							<visible>ControlGroup(9500).HasFocus(149)</visible>
						</control>
						<control type="list" id="151">
							<include>GlobalSearchList</include>
							<visible>ControlGroup(9500).HasFocus(159)</visible>
						</control>
						<control type="list" id="161">
							<include>GlobalSearchList</include>
							<visible>ControlGroup(9500).HasFocus(169)</visible>
						</control>
						<control type="list" id="171">
							<include>GlobalSearchList</include>
							<visible>ControlGroup(9500).HasFocus(179)</visible>
						</control>
						<control type="list" id="181">
							<include>GlobalSearchList</include>
							<visible>ControlGroup(9500).HasFocus(189)</visible>
						</control>
					</control>
				</control>
			</control>

			<include>GlobalTopBar</include>

			<!-- Hidden Buttons -->
			<control type="group">
				<posy>-2000</posy>
				<control type="label" id="110" description="Movies Number"><visible allowhiddenfocus="true">false</visible></control>
				<control type="label" id="120" description="TV Number"><visible allowhiddenfocus="true">false</visible></control>
				<control type="label" id="130" description="Seasons Number"><visible allowhiddenfocus="true">false</visible></control>
				<control type="label" id="140" description="Episodes Number"><visible allowhiddenfocus="true">false</visible></control>
				<control type="label" id="150" description="Music Video Number"><visible allowhiddenfocus="true">false</visible></control>
				<control type="label" id="160" description="Artists Number"><visible allowhiddenfocus="true">false</visible></control>
				<control type="label" id="170" description="Albums Number"><visible allowhiddenfocus="true">false</visible></control>
				<control type="label" id="180" description="Songs Number"><visible allowhiddenfocus="true">false</visible></control>
				<control type="label" id="190" description="Searching Label..."><visible allowhiddenfocus="true">false</visible></control>
				<control type="label" id="191" description="Search Category"><visible allowhiddenfocus="true">false</visible></control>
				<control type="label" id="199" description="No search results found...."></control>
			</control>


		</control>
	</include>

</includes>
