<?xml version="1.0" encoding="UTF-8"?>
<!-- Foundation -->
<window id="1">
    <defaultcontrol always="true">50</defaultcontrol>
    <allowoverlay>yes</allowoverlay>
    <views>50,51,500,53,54,55,56</views>
    <background>0</background>
    <onload>ClearProperty(focushub,home)</onload>
    <include condition="Skin.HasSetting(home.autopop)">GoBackToHome</include>    
    <controls>

        <include>GlobalBackground</include>

        <include>DefMyNavViews</include>

        <include>GlobalTopBar</include>
        
        

        <control type="group">   
            <include>DefMyNavBar</include>  
            <control type="grouplist" id="9000">
                <include>DefMyNavBarGroupList</include>
			   <control type="button" id="564">
			       <include>DefNavMenuButton2</include>  
				   <label>תצוגה: $INFO[Container.Viewmode]</label>
				   <description>View</description>
				   <align>right</align>
				   <onclick>RunScript(script.skin.helper.service,action=setview)</onclick>
				</control>              

                <control type="button" id="3">
                    <description>Sort</description>
                    <include>DefNavMenuButton2</include>
                </control>

                <control type="togglebutton" id="4">
                    <description>Ascending</description>
                    <include>DefNavMenuButton2</include>
                    <label>584</label>
                    <altlabel>585</altlabel>
                </control>


            </control>

        </control>

    </controls>

</window>
