<window>
    <defaultcontrol always="true">10</defaultcontrol>
    <controls>
        <include>GlobalBackground</include>
        <include>GlobalTopBar</include>
        <control type="group">
            <posx>horzpad</posx>
            <posy>topoffset</posy>
            <include>Animation.SlideOpen.Left</include>
            <control type="label" description="Side label">
                <include>DefSideLabelCoords</include>
                <label>$ADDON[pvr.wmc 30100]</label>
            </control>
        </control>
        <control type="group">
            <posy>160</posy>
            <include>Animation.FadeIn</include>
            <include>Animation.FadeOut</include>
            <include>DefSettingsLines</include>

            <control type="group">
                <include>DefSettingsLeftGroup</include>
                <control type="image">
                    <texture border="12" colordiffuse="$VAR[Highlight6]">common/white.png</texture>
                    <height>66</height>
                    <include>DefSettingsLeftGroupWidth</include>
                </control>
                <control type="label" id="20">
                    <posx>30</posx>
                    <description>Header</description>
                    <width>350</width>
                    <align>left</align>
                    <textcolor>Selected</textcolor>
                </control>
            </control>
            
            <control type="grouplist" id="9002">
                <description>Control Area</description>
                <include>DefSettingsRightGroup</include>
                <onleft>9001</onleft>
                <onright>9001</onright>
                <onup>9001</onup>
                <ondown>9001</ondown>
                <control type="radiobutton" id="10">
                    <align>ru</align>
                    <radioposx>890</radioposx>
                    <font>Font-ListInfo</font>
                    <include>DefSettingsRightGroupWidth</include>
                    <texturefocus border="12" colordiffuse="$VAR[Highlight6]">common/white.png</texturefocus>
                    <label>$ADDON[pvr.wmc 30101]</label>
                </control>
                <control type="radiobutton" id="11">
                    <align>left</align>
                    <radioposx>890</radioposx>
                    <font>Font-ListInfo</font>
                    <include>DefSettingsRightGroupWidth</include>
                    <texturefocus border="12" colordiffuse="$VAR[Highlight6]">common/white.png</texturefocus>
                    <label>$ADDON[pvr.wmc 30102]</label>
                </control>
                <control type="spincontrolex" id="12">
                    <description>Default spincontrolex</description>
                    <align>left</align>
                    <reverse>yes</reverse>
                    <font>Font-ListInfo</font>
                    <include>DefSettingsRightGroupWidth</include>
                    <texturefocus border="12" colordiffuse="$VAR[Highlight6]">common/white.png</texturefocus>
                    <label>$ADDON[pvr.wmc 30103]</label>
                </control>
                <control type="spincontrolex" id="13">
                    <description>Default spincontrolex</description>
                    <align>left</align>
                    <reverse>yes</reverse>
                    <font>Font-ListInfo</font>
                    <include>DefSettingsRightGroupWidth</include>
                    <texturefocus border="12" colordiffuse="$VAR[Highlight6]">common/white.png</texturefocus>
                    <label>$ADDON[pvr.wmc 30107]</label>
                </control>
                <control type="spincontrolex" id="14">
                    <description>Default spincontrolex</description>
                    <align>left</align>
                    <reverse>yes</reverse>
                    <font>Font-ListInfo</font>
                    <include>DefSettingsRightGroupWidth</include>
                    <texturefocus border="12" colordiffuse="$VAR[Highlight6]">common/white.png</texturefocus>
                    <label>$ADDON[pvr.wmc 30110]</label>
                </control>
            </control>
            
            <control type="grouplist" id="9001" description="Ok and Cancel">
                <posx>265</posx>
                <posy>705</posy>
                <width>1390</width>
                <align>center</align>
                <itemgap>128</itemgap>
                <onup>9002</onup>
                <orientation>horizontal</orientation>
                <control type="button" id="1">
                    <label>186</label>
                    <include>DefSettingsOKCancelButton</include>
                </control>

                <control type="button" id="2">
                    <label>222</label>
                    <include>DefSettingsOKCancelButton</include>
                </control>
            </control>
            
        </control>
        
    </controls>
</window>
