<?xml version="1.0" encoding="UTF-8"?>
<!-- Foundation -->
<window id="34">
    <defaultcontrol always="true">4</defaultcontrol>
    <allowoverlay>yes</allowoverlay>
    <background>0</background>
    <controls>
        <include>GlobalBackground</include>
        <control type="group">
            <posx>horzpad</posx>
            <posy>topoffset</posy>
            <visible>!Window.IsVisible(SliderDialog) + !Window.IsVisible(FileBrowser) + !Window.IsVisible(ProfileSettings.xml) + !Window.IsVisible(LockSettings.xml) + !Window.IsVisible(DialogSelect.xml)</visible>
            <include>Animation.FadeIn</include>
            <include>Animation.FadeOut</include>
            <control type="label" description="Info Label">
                <include>DefSideLabelCoords</include>
                <label>13200</label>
            </control>
        </control>
        <control type="group">
            <posy>160</posy>
            <include>Animation.FadeIn</include>
            <include>Animation.FadeOut</include>
            <visible>!Window.IsVisible(SliderDialog) + !Window.IsVisible(FileBrowser) + !Window.IsVisible(ProfileSettings.xml) + !Window.IsVisible(LockSettings.xml) + !Window.IsVisible(DialogSelect.xml)</visible>
            <control type="group">
                <include>DefSettingsLeftGroup</include>
                <control type="image">
                    <texture border="12" colordiffuse="$VAR[Highlight6]">common/white.png</texture>
                    <height>66</height>
                    <width>DefSettingsLeftGroupWidth</width>
                </control>
                <control type="label">
                    <posx>30</posx>
                    <description>Header</description>
                    <include>DefSettingsLeftGroupWidth</include>
                    <align>left</align>
                    <label>10034</label>
                    <textcolor>Selected</textcolor>
                </control>
            </control>
            <control type="grouplist">
                <include>DefSettingsRightGroup</include>
                <ondown>2</ondown>
                <control type="radiobutton" id="4">
                    <texturefocus border="12" colordiffuse="$VAR[Highlight6]">common/white.png</texturefocus>

                    <description>Enable Login Screen</description>
                    <radioposx>980</radioposx>
                    <include>DefSettingsRightGroupWidth</include>
                    <label>20096</label>
                    <align>left</align>
                    <onright>noop</onright>
                    <onleft>noop</onleft>
                    <onup>noop</onup>
                    <ondown>5</ondown>
                </control>
                <control type="button" id="5">
                    <texturefocus border="12" colordiffuse="$VAR[Highlight6]">common/white.png</texturefocus>
                    <description>Auto login</description>
                    <include>DefSettingsRightGroupWidth</include>
                    <label>$LOCALIZE[31120]</label>
                    <label2>$INFO[system.profileautologin]</label2>
                    <align>left</align>
                    <onright>noop</onright>
                    <onleft>noop</onleft>
                    <onup>4</onup>
                    <ondown>2</ondown>
                </control>
            </control>
            <control type="group">
                <include>DefSettingsRightGroup</include>
                
                <control type="list" id="2">
                    <posy>138</posy>
                    <include>DefSettingsRightGroupWidth</include>
                    <height>549</height>
                    <onleft>noop</onleft>
                    <onright>noop</onright>
                    <onup>5</onup>
                    <ondown>noop</ondown>

                    <itemlayout height="69">
                        
                        
                        <control type="label">
                            <posx>30</posx>
                            <width>810</width>
                            <info>ListItem.Label</info>
                        </control>

                        <control type="label">
                            <posx>890</posx>
                            <width>810</width>
                            <align>right</align>
                            <info>ListItem.Label2</info>
                        </control>

                    </itemlayout>

                    <focusedlayout height="69">
                        <control type="group">
                            <visible>Control.HasFocus(2)</visible>
                            <control type="image">
                                <height>66</height>
                                <include>DefSettingsRightGroupWidth</include>
                                <texture border="12" colordiffuse="$VAR[Highlight6]">common/white.png</texture>
                            </control>
                            <control type="label">
                                <posx>30</posx>
                                <width>810</width>
                                <textcolor>Selected</textcolor>
                                <info>ListItem.Label</info>
                            </control>

                            <control type="label">
                                <posx>890</posx>
                                <width>810</width>
                                <align>right</align>
                                <textcolor>Selected</textcolor>
                                <info>ListItem.Label2</info>
                            </control>
                        </control>
                        <control type="group">
                            <visible>!Control.HasFocus(2)</visible>
                            
                            <control type="label">
                                <posx>30</posx>
                                <width>810</width>
                            
                                <info>ListItem.Label</info>
                            </control>

                            <control type="label">
                                <posx>890</posx>
                                <width>810</width>
                                <align>right</align>
                            
                                <info>ListItem.Label2</info>
                            </control>
                        </control>
                    </focusedlayout>

                </control>
            </control>
            <include>DefSettingsLinesSettings</include>

        </control>
        <include>GlobalTopBar</include>
        
        
    </controls>
    

</window>
