<?xml version="1.0" encoding="UTF-8" standalone="yes"?>
<addon id="script.cdartmanager"
       name="cdART Manager"
       version="4.1.0"
       provider-name="stef.an">
    <requires>
        <import addon="xbmc.python" version="2.19.0"/>
        <import addon="xbmc.json" version="6.20.0"/>
        <import addon="script.module.pil" version="1.1.7" optional="true"/>
        <import addon="script.module.simplejson" version="3.3.0"/>
    </requires>
    <extension point="xbmc.python.script"
               library="default.py">
    </extension>
    <extension point="xbmc.addon.metadata">
        <platform>all</platform>
        <summary>cdART Manager enriches your music collection with several types of fanart provided by fanart.tv</summary>
        <description>With this script you are able to manage your cdARTs. You can download cdARTs from fanart.tv, Backup your cdARTs, View and even delete your local cdARTs
        </description>
        <description lang="hu">A programmal könnyen kezelheted a CD lemez képeidet (CDArts). Letöltheted vele őket az fanart.tv-ról, biztonsági másolatot készíthetsz róluk,
            megnézheted és még törölheted is a gépeden lévő lemezképeket.
        </description>
        <description lang="de">Mit diesem Programm verwaltet man seine cdARTs. Man kann cdARTs von fanart.tv.com herunterladen, ein Backup von seinen cdARTs erstellen, cdARTS
            anzeigen und lokale cdARTs löschen.
        </description>
        <description lang="nl">Met dit script kun je je cdARTs beheren. Je kunt cdARTs downloaden van fanart.tv, een backup maken, cdARTs bekijken en je eigen cdARTS verwijderen.
        </description>
        <description lang="it">Con questo script puoi gestire le tue cdART. Potrai scaricare le cdART dal sito fanart.tv, fare un backup delle tue cdART, visualizzare ed anche
            cancellare le cdART memorizzate in locale
        </description>
        <description lang="pt">Este script permite que você gerencie seus cdARTs. Você poderá baixar cdARTs do site fanart.tv, efetuar backup, Visualizar e até apagar seus cdARTs
            armazenados localmente.
        </description>
        <description lang="es">Con este script serás capaz de administrar tus cdARTs. Puedes descargar cdARTs desde fanart.tv, Respaldar tus cdARTs, Ver e incluso Borrar tus cdARTs
            locales.
        </description>
        <license>GNU GENERAL PUBLIC LICENSE. Version 2, June 1991</license>
        <source>https://github.com/stefansielaff/script.cdartmanager</source>
        <forum>http://forum.kodi.tv/showthread.php?tid=77031</forum>
        <website>http://kodi.wiki/view/Add-on:CdART_Manager</website>
        <email></email>
    </extension>
</addon>
