<views>
	<view id="Viewtype_List" value="50" languageid="31343592" type="all"/>
	<view id="View_517_Poster" value="517" languageid="31152" type="movies,tvshows,seasons,sets,setmovies" />
	<view id="View_59_MediaInfo3" value="59" languageid="31343590" type="movies,tvshows,episodes,sets,seasons,setmovies" />
	<view id="View_516_Thumbnails" value="516" languageid="31343602" type="all" />
		<view id="View_534_ShowCase" value="534" languageid="31343704" type="artists,albums,songs" />
	<view id="View_535_ShowCase" value="535" languageid="31343704" type="movies,tvshows,episodes,sets,seasons,setmovies" />
	<view id="View_BigIcon" value="518" languageid="31152" type="all" />
	<view id="Viewtype_IconExtra" value="519" languageid="31343613" type="movies,tvshows,episodes,sets,seasons,setmovies" />
	<view id="Viewtype_Icon" value="520" languageid="31343614" type="movies,tvshows,episodes,sets,seasons,setmovies" />
	<view id="Viewtype_Thumbs" value="521" languageid="31343615" type="all" />
	<view id="Viewtype_InfoList" value="508" languageid="31343616" type="movies,tvshows,episodes,sets,seasons,setmovies" />
	<view id="Viewtype_InfoList2" value="509" languageid="31343617" type="movies,tvshows,episodes,sets,seasons,setmovies" />
	<view id="Viewtype_MediaInfo" value="510" languageid="31343618" type="movies,tvshows,episodes,sets,seasons,setmovies" />
	<view id="Viewtype_MediaInfo2" value="511" languageid="31343619" type="movies,tvshows,episodes,sets,seasons,setmovies" />
	<view id="Viewtype_MediaInfo3" value="512" languageid="31343620" type="movies,tvshows,episodes,sets,seasons,setmovies" />
	<view id="Viewtype_FanartList" value="513" languageid="31343621" type="movies,tvshows,episodes,sets,seasons,setmovies" />
	<view id="Viewtype_PanelList" value="514" languageid="31343622" type="all" />
	<view id="Viewtype_BigListInfo" value="515" languageid="31343623" type="movies,tvshows,episodes,sets,seasons,setmovies" />
	<view id="Viewtype_Fanart" value="525" languageid="31343624" type="movies,tvshows,episodes,sets,seasons,setmovies" />
	<view id="Viewtype_Wide22" value="531" languageid="31343625" type="movies,tvshows,episodes,sets,seasons,setmovies" />
	<view id="Viewtype_Gallery2" value="528" languageid="31343626" type="movies,tvshows,episodes,sets,seasons,setmovies" />
	<view id="Viewtype_BigWideLogo" value="530" languageid="31343627" type="movies,tvshows,sets,setmovies" />
	<view id="View_52_Wall_Content" value="500" languageid="31343576" type="movies,tvshows,episodes,sets,seasons,setmovies" /> 
	<view id="View_53_Wide" value="53" languageid="31343586" type="movies,tvshows,episodes,sets,seasons,setmovies" />
	<view id="View_54_Lovefilm" value="54" languageid="31343574" type="movies,tvshows,episodes,sets,seasons,setmovies" />
	<view id="Viewtype_Wide" value="55" languageid="31343577" type="movies,tvshows,episodes,sets,seasons,setmovies" />
	<view id="View_56_BigList" value="56" languageid="31343587" type="movies,tvshows,episodes,sets,seasons,setmovies" />
	<view id="View_57_InfoList" value="57" languageid="31343588" type="movies,tvshows,episodes,sets,seasons,setmovies" />
	<view id="View_58_BannerList" value="58" languageid="31343589" type="movies,tvshows,episodes,sets,seasons,setmovies" />
</views>