<?xml version="1.0" encoding="UTF-8"?>
<!-- Foundation -->
<window id="20">
	<defaultcontrol always="true">50</defaultcontrol>
	<views>50,51,500,53,54,55,56,57,58,59,522,794,60,516,523,517,519,520,524,518,521,508,509,510,511,512,513,514,515,525,531,528,530,533,532,534,535</views>
	<background>0</background>

	<controls>

		<include>GlobalBackground</include>

		<include>DefMyNavViews</include>

		     <include condition="Skin.HasSetting(header.Emtopbar)">Furniture_TopBar</include>
            <include condition="!Skin.HasSetting(header.Emtopbar)">GlobalTopBar</include>


		<control type="group">   
			<include>DefMyNavBar</include>    
			<control type="grouplist" id="9000">
				<include>DefMyNavBarGroupList</include>
				<control type="button" id="564">
					<include>DefNavMenuButton2</include>  
					<label>31343603</label>
					<description>View</description>
					<align>right</align>
					<onclick>RunScript(script.skin.helper.service,action=setview)</onclick>
				</control>              

				<control type="radiobutton" id="9012">
					<include>DefNavMenuButton2</include>
					<align>right</align>                  
					<onclick>Skin.ToggleSetting(list.highlight)</onclick>
					<visible>Control.IsVisible(50) | Control.IsVisible(57) | Control.IsVisible(58) | Control.IsVisible(59)</visible>
					<label>31279</label>
					<align>right</align>
					<radioposx>20</radioposx>  

					<selected>Skin.HasSetting(list.highlight)</selected>

				</control>

				<control type="button" id="3">
					<description>Sort</description>
					<include>DefNavMenuButton2</include>
				</control>

	

				<control type="button" id="5">
					<description>Enable auto-updates</description>
					<label>24063</label>
					<radioposx>370</radioposx>
					<include>DefNavMenuButton2</include>

				</control>
				
				<control type="radiobutton" id="6">
					<description>No notifications</description>
					<align>right</align>
					<label>25000</label>
					<radioposx>10</radioposx>
					<include>DefNavMenuButton2</include>
				</control>
				
						                <control type="radiobutton" id="7">
                    <label>25001</label>
					<include>DefNavMenuButton2</include>
                    <visible>Control.IsEnabled(7)</visible>
                </control>
				
				                <control type="radiobutton" id="8">
					<include>DefNavMenuButton2</include>
                    <visible>Control.IsEnabled(8)</visible>
                </control>
				
				<control type="button" id="9">
					<description>Check for updates</description>
					<include>DefNavMenuButton</include>
					<label>24034</label>
				</control>
				
				
				
			</control>
		</control>

	</controls>

</window>