<?xml version="1.0" encoding="UTF-8"?>
<window>
    <defaultcontrol always="true">9002</defaultcontrol>
    <allowoverlay>no</allowoverlay>
    <controls>
        <control type="group">
            <include>Animation.FadeIn</include>
            <include>Animation.FadeOut</include>
            <visible>!Window.IsVisible(SliderDialog)</visible>
            <visible>!Window.IsVisible(FileBrowser)</visible>
            <visible>!Window.IsVisible(LockSettings.xml)</visible>
            <visible>!Window.IsVisible(DialogSelect.xml)</visible>
            <control type="group">
                <posx>horzpad</posx>
                <posy>topoffset</posy>
                <include>Animation.SlideOpen.Left</include>
                <control type="label" description="Info Label">
                    <include>DefSideLabelCoords</include>
                    <label>31278</label>
                </control>
            </control>
            
            <control type="group">
                <posy>topoffset</posy>
                <posx>horzpad</posx>
                <include>Animation.FadeIn</include>
                <include>Animation.FadeOut</include>
                <visible>!Window.IsVisible(SliderDialog)</visible>
                <visible>!Window.IsVisible(FileBrowser)</visible>
                <visible>!Window.IsVisible(LockSettings.xml)</visible>
                <visible>!Window.IsVisible(DialogSelect.xml)</visible>
                <control type="image">
                    <posx>listpad</posx>
                    <posy>listy</posy>
                    <width>bannerwborder</width>
                    <height>549</height>
                    <texture colordiffuse="PosterBorder" border="5">common/border-inner.png</texture>
                </control>
                <control type="list" id="20">
                    <posx>listpad</posx>
                    <posy>listy</posy>
                    <width>bannerwborder</width>
                    <height>552</height>
                    <orientation>vertical</orientation>
                    <onright>9002</onright>
                    <ondown>9003</ondown>
                    <include>Animation.SlideOpen.Right</include>
                    <itemlayout height="69" width="bannerwborder">
                        
                        <control type="label">
                            <left>25</left>
                            <top>0</top>
                            <right>100</right>
                            <height>69</height>
                            <align>left</align>
                            <aligny>center</aligny>
                            <label>$INFO[ListItem.Property(Number),(,) - ]$INFO[ListItem.Property(Name)]</label>
                        </control>
                        <control type="image">
                            <left>69r</left>
                            <top>globalpad</top>
                            <width>49</width>
                            <height>49</height>
                            <texture>$INFO[ListItem.Property(Icon)]</texture>
                        </control>
                        <control type="image">
                            <left>390</left>
                            <top>10</top>
                            <width>20</width>
                            <height>20</height>
                            <texture>$INFO[ListItem.Property(Icon)]</texture>
							</control>
                    </itemlayout>
                    <focusedlayout height="138" width="bannerwborder">
                        <control type="image">
                            <left>0</left>
                            <top>0</top>
                            <right>0</right>
                            <bottom>3</bottom>
                            <texture border="5" colordiffuse="$VAR[Highlight6]">common/white.png</texture>
                        </control>
                        <control type="label">
                            <left>25</left>
                            <top>0</top>
                            <right>100</right>
                            <height>69</height>
                            <textcolor>Selected</textcolor>
                            <align>left</align>
                            <aligny>center</aligny>
                            <label>$INFO[ListItem.Property(Number),(,) - ]$INFO[ListItem.Property(Name)]</label>
                        </control>
                        <control type="image">
                            <left>69r</left>
                            <top>globalpad</top>
                            <width>49</width>
                            <height>49</height>
                            <texture>$INFO[ListItem.Property(Icon)]</texture>
                        </control>
                        <!--<control type="image">
                            <left>390</left>
                            <top>10</top>
                            <width>20</width>
                            <height>20</height>
                            <texture>OverlayWatched.png</texture>
                            <visible>ListItem.Property(Changed)</visible>
                        </control>-->
                        <control type="label">
                            <left>25</left>
                            <top>69</top>
                            <right>25</right>
                            <height>49</height>
                            <textcolor>Selected</textcolor>
                            <font>Font-ListInfo-Small</font>
                            <align>left</align>
                            <aligny>center</aligny>
                            <label>$LOCALIZE[19210]: $INFO[ListItem.Property(ClientName)]</label>
                        </control>
                    </focusedlayout>
                </control>
                
            </control>
            <control type="group">
                <posx>946</posx>
                <posy>topoffset</posy>
                
                <control type="grouplist">
                    <posx>listpad</posx>
                    <posy>listy</posy>
                    <width>bannerwborder</width>
                    <height>549</height>
                    <itemgap>3</itemgap>
                    <orientation>vertical</orientation>
                    <control type="image">
                        <texture colordiffuse="PosterBorder" border="5">common/border-inner.png</texture>
                        <height>66</height>
                        <left>0</left>
                        <right>0</right>
                    </control>
                    <control type="image">
                        <texture colordiffuse="PosterBorder" border="5">common/border-inner.png</texture>
                        <height>66</height>
                        <left>0</left>
                        <right>0</right>
                    </control>
                    <control type="image">
                        <texture colordiffuse="PosterBorder" border="5">common/border-inner.png</texture>
                        <height>66</height>
                        <left>0</left>
                        <right>0</right>
                    </control>
                    <control type="image">
                        <texture colordiffuse="PosterBorder" border="5">common/border-inner.png</texture>
                        <height>66</height>
                        <left>0</left>
                        <right>0</right>
                    </control>
                    <control type="image">
                        <texture colordiffuse="PosterBorder" border="5">common/border-inner.png</texture>
                        <height>66</height>
                        <left>0</left>
                        <right>0</right>
                    </control>
                    <control type="image">
                        <texture colordiffuse="PosterBorder" border="5">common/border-inner.png</texture>
                        <height>66</height>
                        <left>0</left>
                        <right>0</right>
                    </control>
                    <control type="image">
                        <texture colordiffuse="PosterBorder" border="5">common/border-inner.png</texture>
                        <height>66</height>
                        <left>0</left>
                        <right>0</right>
                    </control>
                    <control type="image">
                        <texture colordiffuse="PosterBorder" border="5">common/border-inner.png</texture>
                        <height>66</height>
                        <left>0</left>
                        <right>0</right>
                    </control>
                </control>
                <control type="grouplist" id="9002">
                    <posx>listpad</posx>
                    <posy>listy</posy>
                    <onleft>20</onleft>
                    <ondown>9003</ondown>
                    <onright>9003</onright>
                    <width>bannerwborder</width>
                    <height>549</height>
                    <itemgap>3</itemgap>
                    <orientation>vertical</orientation>
                    <include>Animation.SlideOpen.Left</include>
                    <control type="radiobutton" id="7">
                        <description>Channel activated</description>
                        <label>19074</label>
                        <align>left</align>
                        <aligny>center</aligny>
                        <radioposx>647</radioposx>
                        <texturefocus border="12" colordiffuse="$VAR[Highlight6]">common/white.png</texturefocus>
                        <font>Font-ListInfo</font>
                        <height>66</height>
                    </control>
                    <control type="edit" id="8">
                        <description>Channel name</description>
                        <label>19201</label>
                        <align>left</align>
                        <aligny>center</aligny>
                        <texturefocus border="12" colordiffuse="$VAR[Highlight6]">common/white.png</texturefocus>
                        <font>Font-ListInfo</font>
                        <height>66</height>
                    </control>
                    <control type="group" id="9004">
                        <height>66</height>
                        <control type="button" id="9">
                            <description>Channel logo Button</description>
                            <onup>8</onup>
                            <ondown>12</ondown>
                            <align>left</align>
                            <aligny>center</aligny>
                            <label>19202</label>
                            <texturefocus border="12" colordiffuse="$VAR[Highlight6]">common/white.png</texturefocus>
                            <font>Font-ListInfo</font>
                            <height>66</height>
                        </control>
                        <control type="image" id="10">
                            <posx>69r</posx>
                            <posy>10</posy>
                            <width>49</width>
                            <height>49</height>
                            <aspectratio>keep</aspectratio>
                            <info>ListItem.Property(Icon)</info>
                        </control> 
                    </control>
                    <control type="radiobutton" id="12">
                        <description>EPG activated</description>
                        <align>left</align>
                        <aligny>center</aligny>
                        <label>19206</label>
                        <radioposx>647</radioposx>
                        <texturefocus border="12" colordiffuse="$VAR[Highlight6]">common/white.png</texturefocus>
                        <font>Font-ListInfo</font>
                        <height>66</height>
                    </control>
                    <control type="spincontrolex" id="13">
                        <description>EPG source</description>
                        <label>19200</label>
                        <texturefocus border="12" colordiffuse="$VAR[Highlight6]">common/white.png</texturefocus>
                        <font>Font-ListInfo</font>
                        <height>66</height>
                    </control>
                    <control type="radiobutton" id="14">
                        <description>Parental locked</description>
                        <align>left</align>
                        <aligny>center</aligny>
                        <label>19267</label>
                        <radioposx>647</radioposx>
                        <texturefocus border="12" colordiffuse="$VAR[Highlight6]">common/white.png</texturefocus>
                        <font>Font-ListInfo</font>
                        <height>66</height>
                    </control>
                    <!--<control type="button" id="30">
                        <description>Group Manager Button</description>
                        <align>left</align>
                        <aligny>center</aligny>
                        <label>19205</label>
                        <texturefocus border="12" colordiffuse="PosterHighlight">common/white.png</texturefocus>
                        <font>Font-ListInfo</font>
                        <height>66</height>
                    </control-->
                    <control type="button" id="31">
                        <description>Edit channel Button</description>
                        <align>left</align>
                        <aligny>center</aligny>
                        <label>19203</label>
                        <texturefocus border="12" colordiffuse="$VAR[Highlight6]">common/white.png</texturefocus>
                        <font>Font-ListInfo</font>
                        <height>66</height>
                    </control>
                    <control type="button" id="32">
                        <description>Delete channel Button</description>
                        <align>left</align>
                        <aligny>center</aligny>
                        <label>19211</label>
                        <texturefocus border="12" colordiffuse="$VAR[Highlight6]">common/white.png</texturefocus>
                        <font>Font-ListInfo</font>
                        <height>66</height>
                    </control>
                    <control type="button" id="33">
                        <description>New channel Button</description>
                        <align>left</align>
                        <aligny>center</aligny>
                        <label>19204</label>
                        <texturefocus border="12" colordiffuse="$VAR[Highlight6]">common/white.png</texturefocus>
                        <font>Font-ListInfo</font>
                        <height>66</height>
                    </control>
                    <control type="button" id="34">
                        <description>TV/Radio Button</description>
                        <align>left</align>
                        <aligny>center</aligny>
                        <visible>IsEmpty(Window.Property(IsRadio))</visible>
                        <label>19024</label>
                        <texturefocus border="12" colordiffuse="$VAR[Highlight6]">common/white.png</texturefocus>
                        <font>Font-ListInfo</font>
                        <height>66</height>
                    </control>
                    <control type="button" id="34">
                        <description>TV/Radio Button</description>
                        <align>left</align>
                        <aligny>center</aligny>
                        <visible>!IsEmpty(Window.Property(IsRadio))</visible>
                        <label>19023</label>
                        <texturefocus border="12" colordiffuse="$VAR[Highlight6]">common/white.png</texturefocus>
                        <font>Font-ListInfo</font>
                        <height>66</height>
                    </control>
                </control>
            </control>
            <control type="group">
                <posy>160</posy>
                <control type="grouplist" id="9003">
                    <itemgap>32</itemgap>
                    <onup>9002</onup>
                    <include>DefSettingsOKCancelGroup</include>
                    <control type="button" id="4">
                        <label>186</label>
                        <include>DefSettingsOKCancelButton</include>
                    </control>

                    <control type="button" id="5">
                        <description>Cancel</description>
                        <label>14070</label>
                        <include>DefSettingsOKCancelButton</include>
                    </control>
                    
                    <control type="button" id="6">
                        <description>Defaults Button</description>
                        <label>222</label>
                        <include>DefSettingsOKCancelButton</include>
                    </control>
                </control>
            </control>
        </control>
    </controls>
</window>
