<?xml version="1.0" encoding="UTF-8"?>
<includes>

	<include name="Object_HomeWidgetPoster">
		<control type="group">
			<width>220</width>
			<height>320</height>
			<visible>!IsEmpty(Container(9001).ListItem($PARAM[id]).Art(tvshow.poster))</visible>
			<control type="image">
				<centerleft>50%</centerleft>
				<width>220</width>
				<bottom>0</bottom>
				<top>0</top>
				<bordertexture colordiffuse="$VAR[HighlightColor]">common/white.png</bordertexture>
				<bordersize>10</bordersize>
				<!-- Modification Aspectratio -->                
				<aspectratio>stretch</aspectratio>
				<texture fallback="DefaultWidgetVideo.png">$INFO[Container(9001).ListItem($PARAM[id]).Art(tvshow.poster)]</texture>
				<visible>[Control.HasFocus(9001) | Control.HasFocus(9101)]</visible>
				<visible>$PARAM[focuseditem]</visible>
			</control>

			<control type="image">
				<centerleft>50%</centerleft>
				<top>pad</top>
				<bottom>pad</bottom>
				<width>200</width>
				<!-- Modification Aspectratio -->                    
				<aspectratio>stretch</aspectratio>
				<texture fallback="DefaultWidgetVideo.png">$INFO[Container(9001).ListItem($PARAM[id]).Art(tvshow.poster)]</texture>
				<visible>!$PARAM[focuseditem] | ![Control.HasFocus(9001) | Control.HasFocus(9101)]</visible>
			</control>

		</control>
		<control type="group">
			<width>220</width>
			<height>320</height>
			<visible>!IsEmpty(Container(9001).ListItem($PARAM[id]).Art(poster)) + IsEmpty(Container(9001).ListItem($PARAM[id]).Art(tvshow.poster))</visible>
			<control type="image">
				<centerleft>50%</centerleft>
				<bottom>0</bottom>
				<top>0</top>
				<height>340</height>
				<width>215</width>
				<texture colordiffuse="PosterBorder" >common/border-inner.png</texture>
			</control>
			<control type="image">
				<centerleft>50%</centerleft>
				<width>220</width>
				<bottom>0</bottom>
				<top>0</top>
				<bordertexture colordiffuse="$VAR[HighlightColor]">common/white.png</bordertexture>
				<bordersize>10</bordersize>
				<!-- Modification Aspectratio -->                    
				<aspectratio>stretch</aspectratio>
				<texture fallback="DefaultWidgetVideo.png">$INFO[Container(9001).ListItem($PARAM[id]).Art(poster)]</texture>
				<visible>[Control.HasFocus(9001) | Control.HasFocus(9101)]</visible>
				<visible>$PARAM[focuseditem]</visible>
			</control>
			<control type="image">
				<centerleft>50%</centerleft>
				<top>pad</top>
				<bottom>pad</bottom>
				<width>200</width>
				<!-- Modification Aspectratio -->                    
				<aspectratio>stretch</aspectratio>
				<texture fallback="DefaultWidgetVideo.png">$INFO[Container(9001).ListItem($PARAM[id]).Art(poster)]</texture>
				<visible>!$PARAM[focuseditem] | ![Control.HasFocus(9001) | Control.HasFocus(9101)]</visible>
			</control>
		</control>
		<control type="group">
			<width>220</width>
			<height>320</height>
			<visible>IsEmpty(Container(9001).ListItem($PARAM[id]).Art(tvshow.poster)) + IsEmpty(Container(9001).ListItem($PARAM[id]).Art(poster))</visible>
			<control type="image">
				<centerleft>50%</centerleft>
				<width>220</width>
				<bottom>0</bottom>
				<top>0</top>
				<bordertexture colordiffuse="$VAR[HighlightColor]">common/white.png</bordertexture>
				<bordersize>10</bordersize>
				<aspectratio>keep</aspectratio>
				<texture fallback="DefaultWidgetVideo.png">$INFO[Container(9001).ListItem($PARAM[id]).Icon]</texture>
				<visible>[Control.HasFocus(9001) | Control.HasFocus(9101)]</visible>
				<visible>$PARAM[focuseditem]</visible>
			</control>
			<control type="image">
				<centerleft>50%</centerleft>
				<top>pad</top>
				<bottom>pad</bottom>
				<width>200</width>
				<aspectratio>keep</aspectratio>
				<texture fallback="DefaultWidgetVideo.png">$INFO[Container(9001).ListItem($PARAM[id]).Icon]</texture>
				<visible>!$PARAM[focuseditem] | ![Control.HasFocus(9001) | Control.HasFocus(9101)]</visible>
			</control>
		</control>

	</include>
	<include name="Object_HomeTile">
		<control type="image">
			<top>16</top>
			<width>196</width>
			<height>170</height>
			<texture colordiffuse="$PARAM[tilecolor]">common/tile.png</texture>
			<aspectratio>scale</aspectratio>
			<animation effect="fade" start="100" end="25" condition="true">Conditional</animation>
			<visible>StringCompare(ListItem.Property(tilecolor),$PARAM[tilecolor])</visible>
			<visible>Skin.HasSetting(home.tilecolor.nofocus) + Skin.HasSetting(home.tilecolor)</visible>
		</control>
	</include>
	<!-- <include name="Object_Arrows_Vertical">
        <control type="group">
            <visible>![Window.IsVisible(DialogPVRRecordingInfo.xml) | Window.IsVisible(DialogPVRGuideInfo.xml) | Window.IsVisible(DialogSongInfo.xml) | Window.IsVisible(DialogAlbumInfo.xml) | Window.IsVisible(DialogVideoInfo.xml) | Window.IsVisible(DialogAddonInfo.xml) | Window.IsVisible(script-ExtendedInfo Script-DialogVideoInfo.xml) | Window.IsVisible(script-ExtendedInfo Script-DialogInfo.xml)]</visible>
            <include>Animation_FadeIn</include>
            <include>Animation_FadeOut</include>
            <control type="image">
                <top>-48</top>
                <centerleft>50%</centerleft>
                <width>16</width>
                <height>16</height>
                <texture flipy="true" colordiffuse="ListLabel">common/16-arrow-down.png</texture>
                <visible>Container.HasPrevious</visible>
            </control>
            <control type="image">
                <bottom>-32</bottom>
                <centerleft>50%</centerleft>
                <width>16</width>
                <height>16</height>
                <texture flipy="false" colordiffuse="ListLabel">common/16-arrow-down.png</texture>
                <visible>Container.HasNext</visible>
            </control>
        </control>
    </include>-->
	<include name="Object_BasicViewList">
		<!-- View by -->
		<control type="button" id="2">
			<include>Defs_OptionButton</include>
			<visible>Control.IsEnabled(2)</visible>
		</control>
		<!-- Sort by -->
		<control type="button" id="3">
			<include>Defs_OptionButton</include>
			<label>103</label>
			<visible>Control.IsEnabled(3)</visible>
		</control>
		<!-- Sort ascending/descending -->
		<control type="togglebutton" id="4">
			<include>Defs_OptionButton</include>
			<label>584</label>
			<altlabel>585</altlabel>
			<usealttexture>Container.SortDirection(Descending)</usealttexture>
			<visible>Control.IsEnabled(4)</visible>
		</control>
	</include>
	<include name="Object_WeatherOutlook">
		<definition>
			<control type="group">
				<width>200</width>
				<height>340</height>
				<control type="label">
					<font>Font-ListInfo-Small-Bold</font>
					<height>90</height>
					<label>$PARAM[dayname]</label>
					<centerleft>50%</centerleft>
					<align>center</align>
				</control>
				<control type="multiimage">
                    <centertop>50%</centertop>
                    <height>200</height>
                    <width>200</width>
					<aspectratio>keep</aspectratio>
					<imagepath>$INFO[Skin.String(weather.icons.path)]$INFO[Window(weather).Property($PARAM[day].FanartCode)]$INFO[Skin.String(weather.icons.ext)]</imagepath>
					<visible>!IsEmpty(Skin.String(weather.icons.path)) + !IsEmpty(Skin.String(weather.icons.ext)) + !Skin.HasSetting(weather.icons.multi)</visible>
				</control>
				<control type="multiimage">
                    <centertop>50%</centertop>
                    <height>200</height>
                    <width>200</width>
					<aspectratio>keep</aspectratio>
					<imagepath>$INFO[Skin.String(weather.icons.path)]$INFO[Window(weather).Property($PARAM[day].FanartCode)]</imagepath>
					<visible>!IsEmpty(Skin.String(weather.icons.path)) + Skin.HasSetting(weather.icons.multi)</visible>
				</control>
				<control type="label">
					<font>Font-ListInfo-Small</font>
					<bottom>0</bottom>
					<height>90</height>
					<label>[B]$INFO[Window(weather).Property($PARAM[day].HighTemp)]$INFO[System.TemperatureUnits][/B]  $INFO[Window(weather).Property($PARAM[day].LowTemp)]$INFO[System.TemperatureUnits]</label>
					<centerleft>50%</centerleft>
					<align>center</align>
				</control>
								<control type="multiimage">
                    <centertop>50%</centertop>
                    <height>200</height>
                    <width>200</width>
					<aspectratio>keep</aspectratio>
					<imagepath>resource://resource.images.weathericons.default/$INFO[Window(weather).Property($PARAM[day].FanartCode),,.png]</imagepath>
					<visible>IsEmpty(Skin.String(weather.icons.path))  + System.HasAddon(resource.images.weathericons.default)</visible>
				</control>
				
			</control>
		</definition>
	</include>
	<include name="Object_Scrollbar">
		<param name="left" default="0" />
		<definition>
			<control type="scrollbar" id="60">
				<onleft condition="!StringCompare(Window(home).Property(HubReturn),Home)">ActivateWindow($INFO[Window(home).Property(HubReturn)])</onleft>
				<left>$PARAM[left]</left>
				<height>height</height>
				<onright>50</onright>
				<width>8</width>
				<orientation>vertical</orientation>
				<animation effect="fade" condition="!Control.HasFocus(60) + !Container.Scrolling" time="200" start="100" end="0">Conditional</animation>
			</control>
		</definition>
	</include>
	<include name="Object_Scrollbar_Horizontal">
		<control type="scrollbar" id="61">
			<ondown condition="!StringCompare(Window(home).Property(HubReturn),Home)">ActivateWindow($INFO[Window(home).Property(HubReturn)])</ondown>
			<onup>50</onup>
			<top>710</top>
			<orientation>horizontal</orientation>
			<left>0</left>
			<width>1880</width>
			<height>8</height>
			<animation effect="fade" condition="!Control.HasFocus(61) + !Container.Scrolling" time="200" start="100" end="0">Conditional</animation>
		</control>
	</include>
	<!-- Poster -->
	<include name="Object_Poster">
		<param name="label" default="$LOCALIZE[31098]" />
		<definition>
			<control type="group">
				<left>$PARAM[left]</left>
				<width>$PARAM[width]</width>
				<height>height</height>
				<include name="Object_Line">
					<param name="width" value="$PARAM[width]" />
					<param name="label" value="$PARAM[label]" />
				</include>
				<control type="image">
					<width>100%</width>
					<height>100%</height>
					<texture colordiffuse="PosterBorder">common/white.png</texture>
				</control>
				<control type="image">
					<left>pad</left>
					<right>pad</right>
					<top>pad</top>
					<bottom>pad</bottom>
					<aspectratio>keep</aspectratio>
					<fadetime>200</fadetime>
					<texture background="true">$VAR[Image_Poster]</texture>
					<visible>IsEmpty(ListItem.Art(tvshow.poster)) + IsEmpty(ListItem.Art(poster))</visible>
				</control>
				<control type="image">
					<left>pad</left>
					<right>pad</right>
					<top>pad</top>
					<bottom>pad</bottom>
					<aspectratio>scale</aspectratio>
					<fadetime>200</fadetime>
					<texture background="true">$VAR[Image_Poster]</texture>
					<visible>![IsEmpty(ListItem.Art(tvshow.poster)) + IsEmpty(ListItem.Art(poster))]</visible>
				</control>

			</control>
		</definition>
	</include>

	<!-- Thumb Info -->
	<include name="Object_ExtraInfo">
		<param name="label" default="19033" />
		<param name="left" default="1140" />
		<definition>
			<control type="group">
				<left>$PARAM[left]</left>
				<width>740</width>
				<height>height</height>
				<include name="Object_Line">
					<param name="width" value="740" />
					<param name="label" value="$PARAM[label]" />
				</include>
				<control type="image">
					<width>100%</width>
					<height>100%</height>
					<texture colordiffuse="PosterBorder">common/white.png</texture>
				</control>
				<control type="grouplist">
					<usecontrolcoords>true</usecontrolcoords>
					<itemgap>pad</itemgap>
					<orientation>vertical</orientation>
					<left>pad</left>
					<right>pad</right>
					<top>pad</top>
					<bottom>pad</bottom>
					<control type="image">
						<width>100%</width>
						<height>405</height>
						<aspectratio>scale</aspectratio>
						<fadetime>200</fadetime>
						<texture background="true">$VAR[Image_Thumb]</texture>
					</control>
					<include>Object_ExtraInfo_Content</include>
				</control>
			</control>
		</definition>
	</include>

	<include name="Object_ExtraInfo2">
		<param name="label" default="19033" />
		<param name="left" default="860" />
		<definition>
			<control type="group">
				<left>$PARAM[left]</left>
				<width>1020</width>
				<height>height</height>
				<include name="Object_Line">
					<param name="width" value="1020" />
					<param name="label" value="$PARAM[label]" />
				</include>
				<control type="image">
					<width>100%</width>
					<height>100%</height>
					<texture colordiffuse="PosterBorder">common/white.png</texture>
				</control>
				<control type="grouplist">
					<usecontrolcoords>true</usecontrolcoords>
					<itemgap>pad</itemgap>
					<orientation>vertical</orientation>
					<left>pad</left>
					<right>pad</right>
					<top>pad</top>
					<bottom>pad</bottom>
					<control type="image">
						<left>0</left>
						<width>270</width>
						<height>405</height>
						<aspectratio>scale</aspectratio>
						<fadetime>200</fadetime>
						<texture background="true">$VAR[Image_Poster]</texture>
					</control>
					<control type="image">
						<top>-415</top>
						<right>0</right>
						<width>720</width>
						<height>405</height>
						<aspectratio>scale</aspectratio>
						<fadetime>200</fadetime>
						<texture background="true">$VAR[Image_Thumb]</texture>
					</control>
					<include>Object_ExtraInfo_Content</include>
				</control>
			</control>
		</definition>
	</include>

	<include name="Object_ExtraInfo_Content">
		<control type="label">
			<top>pad</top>
			<left>pad</left>
			<right>pad</right>
			<height>36</height>
			<align>right</align>

			<font>Font-InfoBox-Title</font>
			<label>$INFO[ListItem.Label]</label>
		</control>
		<control type="label">
			<left>pad</left>
			<right>pad</right>
			<height>24</height>
			<align>right</align>

			<textcolor>$VAR[HighlightColor2]</textcolor>
			<font>Font-ListInfo-Small-Bold</font>
			<label>$INFO[ListItem.Genre,[UPPERCASE],[/UPPERCASE]]</label>
			<visible>!IsEmpty(ListItem.Genre)</visible>
		</control>
		<control type="textbox">
			<left>pad</left>
			<right>pad</right>
			<height>120</height>
			<font>Font-ListInfo</font>
			<align>right</align>
			<label>$VAR[Label_Plot]</label>
			<visible>!IsEmpty(ListItem.Genre)</visible>
		</control>
		<control type="textbox">
			<left>pad</left>
			<right>pad</right>
			<height>154</height>
			<font>Font-ListInfo</font>
			<align>right</align>
			<label>$VAR[Label_Plot]</label>
			<visible>IsEmpty(ListItem.Genre)</visible>
		</control>
		<control type="label">
			<left>pad</left>
			<right>pad</right>
			<height>20</height>
			<align>left</align>
			<font>Font-ListInfo-Small-Bold</font>
			<label>$VAR[Label_ExtraInfo_Icons]</label>
		</control>
		<!-- <control type="image">
            <top>-48</top>
            <left>5</left>
            <width>64</width>
            <height>64</height>
            <aspectratio>keep</aspectratio>
            <texture>indicator/3D.png</texture>
            <visible>ListItem.IsStereoscopic</visible>
        </control> -->
	</include>

	<!-- Line 
    <include name="Object_Line">
        <control type="grouplist">
            <visible>!Skin.HasSetting(furniture.hidesortinfo)</visible>
            <orientation>horizontal</orientation>
            <top>-48</top>
            <height>48</height>
            <width>$PARAM[width]</width>
            <usecontrolcoords>true</usecontrolcoords>
            <control type="label">
                <left>0</left>
                <height>100%</height>
                <width max="$PARAM[width]">auto</width>
                <label fallback="19033">$PARAM[label]</label>
                <font>Font-ListInfo-Small-Bold</font>
                <textcolor>LineLabel</textcolor>
            </control>
            <control type="image">
                <bottom>21</bottom>
                <width max="$PARAM[width]">auto</width>
                <height>3</height>
                <texture colordiffuse="PosterBorder">common/white.png</texture>
            </control>
        </control>
    </include>-->

	<include name="Object_NextAired_List">
		<control type="group">
			<width>270</width>
			<control type="label">
				<height>48</height>
				<left>pad</left>
				<right>side</right>
				<align>center</align>
				<font>Font-OSD</font>
				<label>$INFO[Window(home).Property(NextAired.$PARAM[id].Weekday)]$INFO[Window(home).Property(NextAired.$PARAM[id].Date), - ,]</label>
			</control>
			<control type="panel" id="$PARAM[id]">
				<width>233</width>
				<centerleft>50%</centerleft>
				<top>48</top>
				<height>700</height>
				<onup>$PARAM[id]</onup>
				<ondown>$PARAM[id]</ondown>
				<onleft>$PARAM[onleft]</onleft>
				<onright>$PARAM[onright]</onright>
				<preloaditems>2</preloaditems>
				<orientation>vertical</orientation>
				<viewtype label="20445">fanart</viewtype>
				<scrolltime tween="quadratic">400</scrolltime>
				<itemlayout height="350" width="233">
					<control type="group">
						<left>0</left>
						<right>0</right>
						<bottom>pad</bottom>
						<control type="image">
							<width>100%</width>
							<height>100%</height>
							<texture colordiffuse="PosterBorder">common/white.png</texture>
						</control>
						<control type="image">
							<left>pad</left>
							<right>pad</right>
							<top>pad</top>
							<bottom>pad</bottom>
							<aspectratio>scale</aspectratio>
							<texture background="true">$VAR[Image_Thumb]</texture>
						</control>
						<control type="image">
							<left>pad</left>
							<right>pad</right>
							<bottom>pad</bottom>
							<height>48</height>
							<texture flipy="true" colordiffuse="9f000000">common/white.png</texture>
						</control>
						<control type="label">
							<left>side</left>
							<right>side</right>
							<bottom>pad</bottom>
							<height>48</height>
							<font>Font-OSD</font>
							<label>$INFO[ListItem.Property(NextNumber),[B],[/B]]</label>
						</control>
						<control type="label">
							<left>side</left>
							<right>side</right>
							<bottom>pad</bottom>
							<height>48</height>
							<align>right</align>
							<font>Font-OSD</font>
							<label>$INFO[ListItem.Property(ShortTime)]</label>
						</control>
					</control>
				</itemlayout>

				<focusedlayout height="350" width="233">
					<control type="group">
						<left>0</left>
						<right>0</right>
						<bottom>pad</bottom>
						<control type="image">
							<width>100%</width>
							<height>100%</height>
							<texture colordiffuse="$VAR[HighlightColor]">common/white.png</texture>
							<visible>Skin.HasSetting(home.colortilehigh)</visible>    
						</control>
						<control type="image">
							<width>100%</width>
							<height>100%</height>
							<texture colordiffuse="$VAR[Highlight6]">common/white.png</texture>
							<visible>!Skin.HasSetting(home.colortilehigh)</visible>
						</control>
						<control type="image">
							<left>pad</left>
							<right>pad</right>
							<top>pad</top>
							<bottom>pad</bottom>
							<aspectratio>scale</aspectratio>
							<texture background="true">$VAR[Image_Thumb]</texture>
						</control>
						<control type="image">
							<left>pad</left>
							<right>pad</right>
							<bottom>pad</bottom>
							<height>48</height>
							<texture flipy="true" colordiffuse="9f000000">common/white.png</texture>
						</control>
						<control type="label">
							<left>side</left>
							<right>side</right>
							<bottom>pad</bottom>
							<height>48</height>
							<font>Font-OSD</font>
							<label>$INFO[ListItem.Property(NextNumber),[B],[/B]]</label>
						</control>
						<control type="label">
							<left>side</left>
							<right>side</right>
							<bottom>pad</bottom>
							<height>48</height>
							<align>right</align>
							<font>Font-OSD</font>
							<label>$INFO[ListItem.Property(ShortTime)]</label>
						</control>
					</control>
				</focusedlayout>
			</control>
		</control>
	</include>

</includes>