<?xml version="1.0" encoding="UTF-8"?>
<includes>


    <include name="DefOSDControls">
        <width>230</width>
        <height>48</height>
        <texturefocus>noop</texturefocus>
        <texturenofocus>noop</texturenofocus>
        <textoffsetx>0</textoffsetx>
        <font>Font-ListInfo-Small</font>
        <focusedcolor>Highlight</focusedcolor>
    </include>
	
	    <include name="DefOSDControls2">
        <width>230</width>
        <height>48</height>
        <texturefocus>noop</texturefocus>
        <texturenofocus>noop</texturenofocus>
        <textoffsetx>0</textoffsetx>
        <font>Font-ListInfo-Small</font>
        <focusedcolor>Highlight</focusedcolor>
    </include>
   <!-- 
    <include name="DefOSDUpDown">
        <onup condition="!VideoPlayer.IsFullscreen">Close</onup>
        <onup condition="IsEmpty(Window(seekbar).Property(fullscreeninfo)) + VideoPlayer.IsFullscreen">SetProperty(fullscreeninfo,1,seekbar)</onup>
        <onup condition="!IsEmpty(Window(seekbar).Property(fullscreeninfo)) + VideoPlayer.IsFullscreen">ClearProperty(fullscreeninfo,seekbar)</onup>
        <ondown condition="Window.IsVisible(home) + !Skin.HasSetting(home.widgetdown)">SetProperty(closeosd,1,home)</ondown>
        <ondown condition="!Window.IsVisible(DialogSlider.xml) + !IsEmpty(Window(seekbar).Property(fullscreeninfo)) + VideoPlayer.IsFullscreen">ClearProperty(fullscreeninfo,seekbar)</ondown>
        <ondown condition="[IsEmpty(Window(seekbar).Property(fullscreeninfo)) + VideoPlayer.IsFullscreen] | !VideoPlayer.IsFullscreen">Close</ondown>
    </include>-->
	    <include name="DefOSDUpDown">
        <onup condition="!VideoPlayer.IsFullscreen">Close</onup>
        <onup condition="IsEmpty(Window(seekbar).Property(fullscreeninfo)) + VideoPlayer.IsFullscreen">SetProperty(fullscreeninfo,1,seekbar)</onup>
        <onup condition="!IsEmpty(Window(seekbar).Property(fullscreeninfo)) + VideoPlayer.IsFullscreen">ClearProperty(fullscreeninfo,seekbar)</onup>
        <ondown condition="Window.IsVisible(home) + !Skin.HasSetting(home.widgetdown)">SetProperty(closeosd,1,home)</ondown>
        <ondown condition="!IsEmpty(Window(seekbar).Property(fullscreeninfo)) + VideoPlayer.IsFullscreen">ClearProperty(fullscreeninfo,seekbar)</ondown>
        <ondown condition="[IsEmpty(Window(seekbar).Property(fullscreeninfo)) + VideoPlayer.IsFullscreen] | !VideoPlayer.IsFullscreen">Close</ondown>
    </include>

		    <include name="DefOSDUpDownsub">
        <ondown condition="Window.IsVisible(home) + !Skin.HasSetting(home.widgetdown)">SetProperty(closeosd,1,home)</ondown>
        <ondown condition="!IsEmpty(Window(seekbar).Property(fullscreeninfo)) + VideoPlayer.IsFullscreen">ClearProperty(fullscreeninfo,seekbar)</ondown>
        <ondown condition="[IsEmpty(Window(seekbar).Property(fullscreeninfo)) + VideoPlayer.IsFullscreen] | !VideoPlayer.IsFullscreen">Close</ondown>
    </include>
	
    <include name="VideoOSDFullscreen">
        <control type="button" id="4">
            <width>48</width>
            <height>48</height>
            <font>noop</font>
            <include>DefOSDUpDown</include>
            <texturefocus colordiffuse="$VAR[OSDColor]">osd/fullscreen.png</texturefocus>
            <texturenofocus colordiffuse="OSD-NF">osd/fullscreen.png</texturenofocus>
            <onclick>Dialog.Close(VideoOSD.xml,true)</onclick>
            <onclick>Dialog.Close(MusicOSD.xml,true)</onclick>
            <onclick>Dialog.Close(PlayerControls.xml,true)</onclick>
            <onclick>Action(fullscreen)</onclick>
            <visible>!Window.IsVisible(fullscreenvideo) + !Window.IsVisible(visualisation)</visible>
		</control>
    </include>
  
    <include name="VideoOSDRight">
        <control type="button" id="4">
            <description>3D Mode</description>
            <label>31241</label>
			<alttexturefocus>noop</alttexturefocus>
            <alttexturenofocus>noop</alttexturenofocus>
			<focusedcolor>$VAR[OSDColor]</focusedcolor>
            <include>DefOSDControls</include>
            <include>DefOSDUpDown</include>
            <onclick>StereoMode</onclick>
            <enable>VideoPlayer.IsStereoscopic</enable>
        	<usealttexture>VideoPlayer.IsStereoscopic</usealttexture>     
		   <visible>!Window.IsVisible(DialogSlider.xml) + !Window.IsVisible(DialogPVRChannelsOSD.xml) + !Window.IsVisible(DialogPVRGuideOSD.xml) + [Player.Seeking | Player.DisplayAfterSeek | Player.Paused | Player.Forwarding | Player.Rewinding | Window.IsActive(musicosd) | Window.IsActive(videoosd) | Player.ShowInfo | Window.IsActive(DialogFullScreenInfo.xml)]</visible>
		   <animation effect="fade" start="0" end="100" time="200">Visible</animation>		
		   </control>
  
<!--   
    <include name="VideoOSDRight">
        <control type="button" id="4">
            <description>DVD Menu</description>
            <label>31143</label>
			<focusedcolor>FFFF0000</focusedcolor>
            <include>DefOSDControls</include>
            <include>DefOSDUpDown</include>
            <onclick>PlayerControl(ShowVideoMenu)</onclick>
            <enable>VideoPlayer.HasMenu</enable>
            <animation effect="fade" start="100" end="33" condition="!VideoPlayer.HasMenu">Conditional</animation>
        </control>-->

        <control type="button" id="5">
	        <!-- info movies -->
            <description>Info</description>
            <label>31119</label>
			<focusedcolor>$VAR[OSDColor]</focusedcolor>
            <include>DefOSDControls</include>
            <include>DefOSDUpDown</include>
			<onclick condition="IsEmpty(Window(seekbar).Property(fullscreeninfo))">SetProperty(fullscreeninfo,1,seekbar)</onclick>
            <onclick condition="!IsEmpty(Window(seekbar).Property(fullscreeninfo))">ClearProperty(fullscreeninfo,seekbar)</onclick>
            <enable>VideoPlayer.HasInfo</enable>
			<visible>!Window.IsVisible(DialogSlider.xml) + !Window.IsVisible(DialogPVRChannelsOSD.xml) + !Window.IsVisible(DialogPVRGuideOSD.xml) + [Player.Seeking | Player.DisplayAfterSeek | Player.Paused | Player.Forwarding | Player.Rewinding | Window.IsActive(musicosd) | Window.IsActive(videoosd) | Player.ShowInfo | Window.IsActive(DialogFullScreenInfo.xml)]</visible>
		    <animation effect="fade" start="0" end="100" time="200">Visible</animation>		
		</control>
        
        <control type="button" id="6">
            <description>Bookmarks</description>
            <label>298</label>
			<focusedcolor>$VAR[OSDColor]</focusedcolor>
            <include>DefOSDControls</include>
            <include>DefOSDUpDown</include>
            <onclick>ActivateWindow(125)</onclick>
        	<visible>!Window.IsVisible(DialogSlider.xml) + !Window.IsVisible(DialogPVRChannelsOSD.xml) + !Window.IsVisible(DialogPVRGuideOSD.xml) + [Player.Seeking | Player.DisplayAfterSeek | Player.Paused | Player.Forwarding | Player.Rewinding | Window.IsActive(musicosd) | Window.IsActive(videoosd) | Player.ShowInfo | Window.IsActive(DialogFullScreenInfo.xml)]</visible>
		    <animation effect="fade" start="0" end="100" time="200">Visible</animation>		
		</control>
    </include>
    
    <include name="StereoscopicOSD">
        <control type="button" id="4">
            <label>31241</label>
			<focusedcolor>$VAR[OSDColor]</focusedcolor>
            <include>DefOSDControls</include>
            <include>DefOSDUpDown</include>
            <onclick>StereoMode</onclick>
        	<visible>!Window.IsVisible(DialogSlider.xml) + !Window.IsVisible(DialogPVRChannelsOSD.xml) + !Window.IsVisible(DialogPVRGuideOSD.xml) + [Player.Seeking | Player.DisplayAfterSeek | Player.Paused | Player.Forwarding | Player.Rewinding | Window.IsActive(musicosd) | Window.IsActive(videoosd) | Player.ShowInfo | Window.IsActive(DialogFullScreenInfo.xml)]</visible>
		    <animation effect="fade" start="0" end="100" time="200">Visible</animation>		       
	   </control>
        
        <control type="button" id="5">
            <description>Info</description>
            <label>31119</label>
			<focusedcolor>$VAR[OSDColor]</focusedcolor>
            <include>DefOSDControls</include>
            <include>DefOSDUpDown</include>
            <onclick condition="IsEmpty(Window(seekbar).Property(fullscreeninfo))">SetProperty(fullscreeninfo,1,seekbar)</onclick>
            <onclick condition="!IsEmpty(Window(seekbar).Property(fullscreeninfo))">ClearProperty(fullscreeninfo,seekbar)</onclick>
        	<visible>!Window.IsVisible(DialogSlider.xml) + !Window.IsVisible(DialogPVRChannelsOSD.xml) + !Window.IsVisible(DialogPVRGuideOSD.xml) + [Player.Seeking | Player.DisplayAfterSeek | Player.Paused | Player.Forwarding | Player.Rewinding | Window.IsActive(musicosd) | Window.IsActive(videoosd) | Player.ShowInfo | Window.IsActive(DialogFullScreenInfo.xml)]</visible>
		    <animation effect="fade" start="0" end="100" time="200">Visible</animation>		       
	   </control>
        
        <control type="button" id="6">
            <description>Bookmarks</description>
            <label>298</label>
			<focusedcolor>$VAR[OSDColor]</focusedcolor>
            <include>DefOSDControls</include>
            <include>DefOSDUpDown</include>
            <onclick>ActivateWindow(125)</onclick>
        	<visible>!Window.IsVisible(DialogSlider.xml) + !Window.IsVisible(DialogPVRChannelsOSD.xml) + !Window.IsVisible(DialogPVRGuideOSD.xml) + [Player.Seeking | Player.DisplayAfterSeek | Player.Paused | Player.Forwarding | Player.Rewinding | Window.IsActive(musicosd) | Window.IsActive(videoosd) | Player.ShowInfo | Window.IsActive(DialogFullScreenInfo.xml)]</visible>
		    <animation effect="fade" start="0" end="100" time="200">Visible</animation>		       
	   </control>
    </include>
    
    <include name="LiveTVOSDRight">
        <control type="button" id="4">
            <description>Channels</description>
            <label>19019</label>
			<focusedcolor>$VAR[OSDColor]</focusedcolor>
            <include>DefOSDControls</include>
            <include>DefOSDUpDown</include>
            <!--<onclick>ActivateWindow(TVChannels)</onclick>-->
            <onclick>ActivateWindow(pvrosdchannels)</onclick>
		</control>
        
        <control type="button" id="5">
            <description>EPG</description>
            <label>19032</label>
			<focusedcolor>$VAR[OSDColor]</focusedcolor>
            <include>DefOSDControls</include>
			<include>DefOSDUpDown</include>
			<onclick>ActivateWindow(pvrosdguide)</onclick>
		</control>
        
        <control type="button" id="6">
            <description>Info</description>
            <label>31119</label>
			<focusedcolor>$VAR[OSDColor]</focusedcolor>
            <include>DefOSDControls</include>
            <include>DefOSDUpDown</include>
            <onclick condition="IsEmpty(Window(seekbar).Property(fullscreeninfo))">SetProperty(fullscreeninfo,1,seekbar)</onclick>
            <onclick condition="!IsEmpty(Window(seekbar).Property(fullscreeninfo))">ClearProperty(fullscreeninfo,seekbar)</onclick>
        </control>
    </include>
    
    <include name="MusicOSDRight">
        <control type="grouplist" id="102">
            <visible>Window.IsVisible(fullscreenvideo) | Window.IsVisible(visualisation)</visible>
            <posx>728r</posx>
            <posy>1008</posy>
            <height>48</height>
            <width>696</width>
            <itemgap>0</itemgap>
            <orientation>horizontal</orientation>
            <align>right</align>
            <onleft>17</onleft>
            <onright>1</onright>
            <onup>noop</onup>
            <ondown>noop</ondown>

            <control type="button" id="4">
                <description>Info</description>
                <label>31119</label>
				<focusedcolor>$VAR[OSDColor]</focusedcolor>
                <include>DefOSDControls</include>
				            <include>DefOSDUpDown</include>

                <onclick>Skin.ToggleSetting(Vis.ExtraInfo)</onclick>
            </control>
            
            <control type="button" id="5">
                <description>Viz</description>
								<focusedcolor>$VAR[OSDColor]</focusedcolor>

                <include>DefOSDControls</include>
				            <include>DefOSDUpDown</include>

                <label>5</label>
                <onclick>ActivateWindow(musicsettings)</onclick>
                <onclick>Addon.Default.OpenSettings(xbmc.player.musicviz)</onclick>
            </control> 

            <control type="button" id="6">
                <description>Lyrics</description>
														<focusedcolor>$VAR[OSDColor]</focusedcolor>
            <include>DefOSDUpDown</include>

                <include>DefOSDControls</include>
                <label>24013</label>
				<focusedcolor>$VAR[OSDColor]</focusedcolor>
                <onclick>RunScript(script.cu.lrclyrics)</onclick>
            </control>
        </control>
    </include>
    
    <include name="MusicOSDLeft">
        <control type="grouplist" id="100">
            <visible>Window.IsVisible(fullscreenvideo) | Window.IsVisible(visualisation)</visible>
            <posx>32</posx>
            <posy>1008</posy>
            <height>48</height>
            <itemgap>16</itemgap>
            <orientation>horizontal</orientation>
            <align>left</align>
            <onleft>6</onleft>
            <onright>12</onright>
            <onup>noop</onup>
            <ondown>noop</ondown>
            

			
            <control type="button" id="1">
					                        <alttexturefocus>noop</alttexturefocus>
                        <alttexturenofocus>noop</alttexturenofocus>
						<focusedcolor>$VAR[OSDColor]</focusedcolor>
                <description>Audio Settings</description>
                <include>DefOSDControls</include>
				            <include>DefOSDUpDown</include>

                <label>$LOCALIZE[486]$INFO[Playlist.Repeat, : ]</label>
                <onclick>XBMC.PlayerControl(Repeat)</onclick>
            </control>

            <control type="button" id="2">
					                        <alttexturefocus>noop</alttexturefocus>
                        <alttexturenofocus>noop</alttexturenofocus>
						<focusedcolor>$VAR[OSDColor]</focusedcolor>
                <include>DefOSDControls</include>
				            <include>DefOSDUpDown</include>

                <label>$LOCALIZE[191]$INFO[Playlist.Random, : ]</label>
                <onclick>XBMC.PlayerControl(Random)</onclick>
            </control>
            
        <control type="button" id="3">
		                        <alttexturefocus>noop</alttexturefocus>
                        <alttexturenofocus>noop</alttexturenofocus>
						<focusedcolor>$VAR[OSDColor]</focusedcolor>
            <description>Playlist</description>
            <label>$LOCALIZE[287]</label>
            <onclick>ActivateWindow(SubtitleSearch)</onclick>
            <onup>9301</onup>
            <include>DefOSDControls</include>
			            <include>DefOSDUpDownsub</include>
        
		<visible>!Player.HasAudio + !Window.IsVisible(DialogSlider.xml) + !Window.IsVisible(DialogPVRChannelsOSD.xml) + !Window.IsVisible(DialogPVRGuideOSD.xml) + [Player.Seeking | Player.DisplayAfterSeek | Player.Paused | Player.Forwarding | Player.Rewinding | Window.IsActive(musicosd) | Window.IsActive(videoosd) | Player.ShowInfo | Window.IsActive(DialogFullScreenInfo.xml)]</visible>

        </control>
           <control type="button" id="500">
			<focusedcolor>$VAR[OSDColor]</focusedcolor>
            <description>Vis</description>
            <width>200</width>
            <height>48</height>
			<include>DefOSDControls</include>
			            <include>DefOSDUpDown</include>

            <label>visualisation</label>
            <font>noop</font>
            <include>DefOSDUpDown</include>
<visible>Player.HasAudio</visible>
        </control>


        <!-- <control type="button" id="5">
            <description>Presets</description>
            <onclick>ActivateWindow(122)</onclick>
            <width>48</width>
            <height>48</height>
            <label></label>
            <font>noop</font>
            <include>DefOSDUpDown</include>
            <texturefocus colordiffuse="$VAR[ColorHighlight]">osd/preset.png</texturefocus>
            <texturenofocus colordiffuse="Dark1">osd/preset.png</texturenofocus>
        </control> -->

       
			
        </control>
    </include>
    
	 <include name="Window_OSD">
        <control type="group">
            <animation type="WindowOpen">
                <effect type="slide" start="0,64" end="0" time="200" />
                <effect type="fade" start="0" end="100" time="200" />
            </animation>

	
				<control type="button" id="9101">
                <width>200</width>
                <height>60</height>    
                <posx>520</posx>
				<posy>1010</posy>
				<texturenofocus>-</texturenofocus>
				<texturefocus>-</texturefocus>	
				</control>	
	
							<!--			<control type="button" id="9101">
		<right>0</right>
			<width>430</width>
			<top>top</top>
			<height>height</height>
                    <texture colordiffuse="infobg">common/white.png</texture>

				<texturenofocus>-</texturenofocus>
				<texturefocus>-</texturefocus>
				</control>		-->
            <control type="group">

				<visible allowhiddenfocus="false">ControlGroup(9300).HasFocus() | Control.HasFocus(3) | Control.HasFocus(9101)</visible>
					<visible>![Window.IsVisible(SliderDialog) | Window.IsVisible(subtitlesearch) | Window.IsVisible(OSDVideoSettings) | Window.IsVisible(OSDAudioSettings) | Window.IsVisible(VideoBookmarks)]</visible>
                <bottom>64</bottom>
                <centerleft>630</centerleft>
                <width>320</width>
                <height>210</height>
                <control type="image">

                    <description>background image</description>
                    <width>100%</width>
                    <height>100%</height>
                    <bordertexture border="24">common/24-shadow.png</bordertexture>
                    <texture colordiffuse="infobg">common/white.png</texture>
					        	<visible>!Window.IsVisible(DialogSlider.xml) + !Window.IsVisible(DialogPVRChannelsOSD.xml) + !Window.IsVisible(DialogPVRGuideOSD.xml) + [Player.Seeking | Player.DisplayAfterSeek | Player.Paused | Player.Forwarding | Player.Rewinding | Window.IsActive(musicosd) | Window.IsActive(videoosd) | Player.ShowInfo | Window.IsActive(DialogFullScreenInfo.xml)]</visible>
                </control>

                <control type="grouplist" id="9300">
                    <left>0</left>
                    <right>0</right>
                    <top>0</top>
                    <bottom>0</bottom>
                    <onup>noop</onup>
                    <ondown>3</ondown>
                    <onleft>3</onleft>
                    <onright>3</onright>
                    <itemgap>0</itemgap>
                    <orientation>vertical</orientation>
                    <scrolltime>200</scrolltime>
		  		<visible>!Window.IsVisible(DialogSlider.xml) + !Window.IsVisible(DialogPVRChannelsOSD.xml) + !Window.IsVisible(DialogPVRGuideOSD.xml) + [Player.Seeking | Player.DisplayAfterSeek | Player.Paused | Player.Forwarding | Player.Rewinding | Window.IsActive(musicosd) | Window.IsActive(videoosd) | Player.ShowInfo | Window.IsActive(DialogFullScreenInfo.xml)]</visible>

							<control type="button" id="9304">
				<description>Subs Download</description>
				<label>$LOCALIZE[3134386]</label>
                        <width>100%</width>
                        <height>69</height>
				<include>DefInfoButtons2</include>
				<onclick condition="!Skin.HasSetting(customosd)">SubtitleDelay</onclick>
		   </control>                   
                    
				<!--	 <control type="button" id="9303" description="CycleSubtitle">
                        <width>100%</width>
                        <height>69</height>
                        <include>DefOSDControls</include>
                        <label>209</label>
                        <onclick>CycleSubtitle</onclick>
                    </control>-->
					
					                
								   <control type="button" id="9302" description="Download">
                        <width>100%</width>
                        <height>69</height>
                        <include>DefInfoButtons2</include>
						<label>33003</label>
                        <onclick>ActivateWindow(SubtitleSearch)</onclick>
                    </control>
				
									<control type="togglebutton" id="9301" description="Enable Subs">
                        <width>100%</width>
                        <height>69</height>
                        <include>DefInfoButtons2</include>
                        <label>$INFO[VideoPlayer.SubtitlesLanguage,[UPPERCASE],[/UPPERCASE]]  $LOCALIZE[305]   </label>
                        <altlabel>13106</altlabel>
                        <onclick>NextSubtitle</onclick>
                        <usealttexture>!VideoPlayer.SubtitlesEnabled</usealttexture>
                    </control>
				
				</control>
                </control>
				                </control>


    </include>
	
    <include name="VideoOSDLeft">
        
        <control type="grouplist" id="100">
            <visible>Window.IsVisible(fullscreenvideo)</visible>
            <posx>32</posx>
            <posy>1008</posy>
            <height>48</height>
            <itemgap>16</itemgap>
            <orientation>horizontal</orientation>
            <align>left</align>
            <onleft>6</onleft>
            <onright condition="!Player.CanRecord | !VideoPlayer.Content(LiveTV)">12</onright>
            <onright condition="Player.CanRecord + VideoPlayer.Content(LiveTV)">9003</onright>
            <onup>noop</onup>
            <ondown>noop</ondown>
            <usecontrolcoords>true</usecontrolcoords>

			
			
			<!-- הורדת כתוביות 
            
			<control type="button" id="1">
                <description>Subs Download</description>
                <label></label>
                <posy>8</posy>
                <width>32</width>
                <height>32</height>
                <font>noop</font>
                <texturefocus colordiffuse="Highlight-osd" flipx="false">osd/subs-download.png</texturefocus>
                <texturenofocus colordiffuse="OSD-NF" flipx="false">osd/subs-download.png</texturenofocus>
                <include>DefOSDControls</include>
                <include>DefOSDUpDown</include>
                <onclick>ActivateWindow(SubtitleSearch)</onclick>
        	<visible>!Window.IsVisible(DialogSlider.xml) + !Window.IsVisible(DialogPVRChannelsOSD.xml) + !Window.IsVisible(DialogPVRGuideOSD.xml) + [Player.Seeking | Player.DisplayAfterSeek | Player.Paused | Player.Forwarding | Player.Rewinding | Window.IsActive(musicosd) | Window.IsActive(videoosd) | Player.ShowInfo | Window.IsActive(DialogFullScreenInfo.xml)]</visible>
		    <animation effect="fade" start="0" end="100" time="200">Visible</animation>				   
		   </control>
       
			<!- השאיית כתוביות
			<control type="button" id="905">
                <description>Subs delay</description>
                <label></label>
                <posy>8</posy>
                <width>32</width>
                <height>32</height>
                <font>noop</font>
				<texturefocus colordiffuse="Highlight-osd" flipx="false">osd/osd_menu_sub.png</texturefocus>
                <texturenofocus colordiffuse="OSD-NF" flipx="false">osd/osd_menu_sub.png</texturenofocus>
                <include>DefOSDControls</include>
                <include>DefOSDUpDown</include>
   				<onclick condition="!Skin.HasSetting(customosd)">SubtitleDelay</onclick>
        	<visible>VideoPlayer.HasSubtitles + VideoPlayer.SubtitlesEnabled + !Window.IsVisible(DialogSlider.xml) + !Window.IsVisible(DialogPVRChannelsOSD.xml) + !Window.IsVisible(DialogPVRGuideOSD.xml) + [Player.Seeking | Player.DisplayAfterSeek | Player.Paused | Player.Forwarding | Player.Rewinding | Window.IsActive(musicosd) | Window.IsActive(videoosd) | Player.ShowInfo | Window.IsActive(DialogFullScreenInfo.xml)]</visible>
		    <animation effect="fade" start="0" end="100" time="200">Visible</animation>		
            </control>			
            <!- הפעלה או ביטול של כתוביות 
            
			<control type="togglebutton" id="200">
                <posy>-41</posy>
				<posx>45</posx>
                <width min="0" max="80">auto</width>
                <height>130</height>
				<description>Subs</description>
                <alttexturefocus>noop</alttexturefocus>
                <alttexturenofocus>noop</alttexturenofocus>
				<label>$LOCALIZE[287]</label>
				<focusedcolor>FFFF0000</focusedcolor>
				<altlabel>$LOCALIZE[287]</altlabel>
				<focusedcolor>FFFF0000</focusedcolor>
                <include>DefOSDControls</include>
                <include>DefOSDUpDown</include>
                <onclick>Action(ShowSubtitles)</onclick>
                <enable>VideoPlayer.HasSubtitles</enable>
				<usealttexture>!VideoPlayer.SubtitlesEnabled</usealttexture>     
        	<visible>!Window.IsVisible(DialogSlider.xml) + !Window.IsVisible(DialogPVRChannelsOSD.xml) + !Window.IsVisible(DialogPVRGuideOSD.xml) + [Player.Seeking | Player.DisplayAfterSeek | Player.Paused | Player.Forwarding | Player.Rewinding | Window.IsActive(musicosd) | Window.IsActive(videoosd) | Player.ShowInfo | Window.IsActive(DialogFullScreenInfo.xml)]</visible>
		    <animation effect="fade" start="0" end="100" time="200">Visible</animation>				 
		 </control> -->
           <!-- הצגת שפת כתוביות
		    
			<control type="label" id="597">
                <posy>-43</posy>
				<posx>-12</posx>
				<width min="0" max="60">auto</width>
                <height>130</height>
				<description>Subs</description>
                <alttexturefocus>noop</alttexturefocus>
                <alttexturenofocus>noop</alttexturenofocus>
				<label>[UPPERCASE]$INFO[VideoPlayer.SubtitlesLanguage][/UPPERCASE]</label>
                <focusedcolor>FFFF0000</focusedcolor>
				<altlabel>[UPPERCASE]$INFO[VideoPlayer.SubtitlesLanguage][/UPPERCASE]</altlabel>
				<focusedcolor>FFFF0000</focusedcolor>
				<include>DefOSDControls</include>
                <include>DefOSDUpDown</include>
                <onclick>Action(ShowSubtitles)</onclick>
				<usealttexture>!VideoPlayer.SubtitlesEnabled</usealttexture>     
        	<visible>!Window.IsVisible(DialogSlider.xml) + !Window.IsVisible(DialogPVRChannelsOSD.xml) + !Window.IsVisible(DialogPVRGuideOSD.xml) + [Player.Seeking | Player.DisplayAfterSeek | Player.Paused | Player.Forwarding | Player.Rewinding | Window.IsActive(musicosd) | Window.IsActive(videoosd) | Player.ShowInfo | Window.IsActive(DialogFullScreenInfo.xml)]</visible>
		    <animation effect="fade" start="0" end="100" time="200">Visible</animation>					  
		  </control>
		   
            <control type="button" id="2">
                <description>Audio</description>
                <label>292</label>
				<focusedcolor>FFFF0000</focusedcolor>
                <include>DefOSDControls</include>
                <onclick>ActivateWindow(124)</onclick>
                <include>DefOSDUpDown</include>
        	<visible>!Window.IsVisible(DialogSlider.xml) + !Window.IsVisible(DialogPVRChannelsOSD.xml) + !Window.IsVisible(DialogPVRGuideOSD.xml) + [Player.Seeking | Player.DisplayAfterSeek | Player.Paused | Player.Forwarding | Player.Rewinding | Window.IsActive(musicosd) | Window.IsActive(videoosd) | Player.ShowInfo | Window.IsActive(DialogFullScreenInfo.xml)]</visible>
		    <animation effect="fade" start="0" end="100" time="200">Visible</animation>			           
		   </control>

            <control type="button" id="3">
                <description>Video Settings</description>
                <label>291</label>
				<focusedcolor>FFFF0000</focusedcolor>
                <include>DefOSDControls</include>
                <onclick>ActivateWindow(123)</onclick>
                <include>DefOSDUpDown</include>
        	<visible>!Window.IsVisible(DialogSlider.xml) + !Window.IsVisible(DialogPVRChannelsOSD.xml) + !Window.IsVisible(DialogPVRGuideOSD.xml) + [Player.Seeking | Player.DisplayAfterSeek | Player.Paused | Player.Forwarding | Player.Rewinding | Window.IsActive(musicosd) | Window.IsActive(videoosd) | Player.ShowInfo | Window.IsActive(DialogFullScreenInfo.xml)]</visible>
		    <animation effect="fade" start="0" end="100" time="200">Visible</animation>			
			</control> -->
			
			        <control type="button" id="1">
            <description>Audio Settings</description>
			                        <alttexturefocus>noop</alttexturefocus>
                        <alttexturenofocus>noop</alttexturenofocus>
						<focusedcolor>$VAR[OSDColor]</focusedcolor>
            <label>292</label>
            <onclick>ActivateWindow(124)</onclick>
            <include>DefOSDControls</include>
			            <include>DefOSDUpDown</include>

			        	<visible>!Window.IsVisible(DialogSlider.xml) + !Window.IsVisible(DialogPVRChannelsOSD.xml) + !Window.IsVisible(DialogPVRGuideOSD.xml) + [Player.Seeking | Player.DisplayAfterSeek | Player.Paused | Player.Forwarding | Player.Rewinding | Window.IsActive(musicosd) | Window.IsActive(videoosd) | Player.ShowInfo | Window.IsActive(DialogFullScreenInfo.xml)]</visible>

        </control>
        <control type="button" id="2">
		                        <alttexturefocus>noop</alttexturefocus>
                        <alttexturenofocus>noop</alttexturenofocus>
						<focusedcolor>$VAR[OSDColor]</focusedcolor>
            <label>291</label>
            <onclick>ActivateWindow(123)</onclick>
            <include>DefOSDControls</include>
			            <include>DefOSDUpDown</include>

			        	<visible>!Window.IsVisible(DialogSlider.xml) + !Window.IsVisible(DialogPVRChannelsOSD.xml) + !Window.IsVisible(DialogPVRGuideOSD.xml) + [Player.Seeking | Player.DisplayAfterSeek | Player.Paused | Player.Forwarding | Player.Rewinding | Window.IsActive(musicosd) | Window.IsActive(videoosd) | Player.ShowInfo | Window.IsActive(DialogFullScreenInfo.xml)]</visible>

        </control>
        <control type="button" id="3">
		                        <alttexturefocus>noop</alttexturefocus>
                        <alttexturenofocus>noop</alttexturenofocus>
						<focusedcolor>$VAR[OSDColor]</focusedcolor>
            <description>Playlist</description>
			<width>200</width>
            <hight>50</hight>
            <label>$LOCALIZE[287]</label>
            <onclick>ActivateWindow(SubtitleSearch)</onclick>
            <onup>9301</onup>
            <include>DefOSDControls2</include>
			            <include>DefOSDUpDownsub</include>

		<visible>!Window.IsVisible(DialogSlider.xml) + !Window.IsVisible(DialogPVRChannelsOSD.xml) + !Window.IsVisible(DialogPVRGuideOSD.xml) + [Player.Seeking | Player.DisplayAfterSeek | Player.Paused | Player.Forwarding | Player.Rewinding | Window.IsActive(musicosd) | Window.IsActive(videoosd) | Player.ShowInfo | Window.IsActive(DialogFullScreenInfo.xml)]</visible>

        </control>
        </control>
    </include>
    
	
	
    <include name="VideoMusicOSDRight">

            <control type="button" id="4">
					                        <alttexturefocus>noop</alttexturefocus>
                        <alttexturenofocus>noop</alttexturenofocus>
						<focusedcolor>$VAR[OSDColor]</focusedcolor>
                <description>Playlist </description>
                <include>DefOSDControls</include>
				            <include>DefOSDUpDown</include>

                <label>559</label>
                <onclick>ActivateWindow(MusicPlaylist)</onclick>
            </control>

        <control type="button" id="5">
				                        <alttexturefocus>noop</alttexturefocus>
                        <alttexturenofocus>noop</alttexturenofocus>
						<focusedcolor>$VAR[OSDColor]</focusedcolor>
            <description>Audio Settings</description>
            <label>292</label>
            <include>DefOSDControls</include>
            <focusedcolor>Highlight</focusedcolor>
            <onclick>ActivateWindow(124)</onclick>
            <include>DefOSDUpDown</include>
        </control>

        <control type="button" id="6">
				                        <alttexturefocus>noop</alttexturefocus>
                        <alttexturenofocus>noop</alttexturenofocus>
						<focusedcolor>$VAR[OSDColor]</focusedcolor>
            <description>Video Settings</description>
            <label>291</label>
            <include>DefOSDControls</include>
            <onclick>ActivateWindow(123)</onclick>
            <include>DefOSDUpDown</include>
        </control>
    </include>
</includes>