<?xml version="1.0" encoding="UTF-8"?>
<!-- Foundation -->
<window id="503">
    <defaultcontrol allways="true">50</defaultcontrol>
    <views>50</views>
    <onload>ClearProperty(focushub,home)</onload>
    <controls>
        <include>GlobalBackground</include>
        <control type="group">
            <visible>!Window.IsVisible(FileBrowser.xml)</visible>
            <include>Animation.FadeIn</include>
            <include>Animation.FadeOut</include>
            <visible>!Window.IsVisible(DialogMediaSource.xml)</visible>
            <animation effect="slide" end="horznegpad" start="0" time="200" condition="Window.IsActive(DialogContextMenu.xml)">Conditional</animation>

            <control type="group">
                <description>Left panel</description>
                <posx>horzpad</posx>
                <posy>topoffset</posy>
                <animation effect="fade" start="100" end="50" time="100" condition="!Control.HasFocus(50)">Conditional</animation>

                <control type="list" id="50">
                    <description>Left File List</description>
                    <posx>listx</posx>
                    <posy>listy</posy>
                    <width>bannerwborder</width>
                    <height>552</height>
                    <onleft>6</onleft>
                    <onright>100</onright>
                    <onup>50</onup>
                    <ondown>6</ondown>

                    <itemlayout height="listh" width="bannerwborder">
        
                        <control type="label">
                            <posx>30</posx>
                            <width>643</width>
                            <font>Font-Button</font>
                            <label>$INFO[ListItem.Label]</label>
                            <textcolor>PanelFG</textcolor>
                            <selectedcolor>Highlight</selectedcolor>
                        </control>
                        <control type="label">
                            <posx>11r</posx>
                            <width>643</width>
                            <font>Font-ListInfo-Small</font>
                            <align>right</align>
                            <label>$INFO[ListItem.Label2]</label>
                            <textcolor>PanelFG</textcolor>
                            <selectedcolor>Highlight</selectedcolor>
                        </control>
                    
                    </itemlayout>

                    <focusedlayout height="listh" width="bannerwborder">
                        <control type="image">
                            <visible>Control.HasFocus(50)</visible>
                            <height>listh</height>
                            <width>bannerwborder</width>
                            <texture border="12" flipx="false" colordiffuse="PosterHighlight">common/white.png</texture>
                            <animation condition="Container(50).OnNext" reversible="false" effect="slide" start="0,-33" end="0,0" time="300" tween="back" easing="out">Focus</animation>
                            <animation condition="Container(50).OnPrevious" reversible="false" effect="slide" start="0,33" end="0,0" time="300" tween="back" easing="out">Focus</animation>
                        </control>
                        
                        <control type="image">
                            <visible>!Control.HasFocus(50)</visible>
                            <height>listh</height>
                            <width>bannerwborder</width>
                            <texture border="12" flipx="false" colordiffuse="PosterBorder">common/border-inner.png</texture>
                            <animation condition="Container(50).OnNext" reversible="false" effect="slide" start="0,-33" end="0,0" time="300" tween="back" easing="out">Focus</animation>
                            <animation condition="Container(50).OnPrevious" reversible="false" effect="slide" start="0,33" end="0,0" time="300" tween="back" easing="out">Focus</animation>
                        </control>

                        <control type="label">
                            <posx>30</posx>
                            <width>643</width>
                            <font>Font-Button</font>
                            <label>$INFO[ListItem.Label]</label>
                            <textcolor>Selected</textcolor>
                            <selectedcolor>Highlight</selectedcolor>
                        </control>
                        <control type="label">
                            <posx>11r</posx>
                            <width>643</width>
                            <font>Font-ListInfo-Small</font>
                            <align>right</align>
                            <label>$INFO[ListItem.Label2]</label>
                            <textcolor>Selected</textcolor>
                            <selectedcolor>Highlight</selectedcolor>
                        </control>

                    </focusedlayout>

                </control>

            </control>

            <control type="group">
                <description>Left panel</description>
                <posx>946</posx>
                <posy>topoffset</posy>
                <animation effect="fade" start="100" end="50" time="100" condition="!Control.HasFocus(100)">Conditional</animation>

                <control type="list" id="100">
                    <description>Left File List</description>
                    <posx>listx</posx>
                    <posy>listy</posy>
                    <width>bannerwborder</width>
                    <height>552</height>
                    <onleft>50</onleft>
                    <onright>8</onright>
                    <onup>100</onup>
                    <ondown>8</ondown>

                    <itemlayout height="listh" width="bannerwborder">
                        <control type="label">
                            <posx>30</posx>
                            <width>643</width>
                            <font>Font-Button</font>
                            <label>$INFO[ListItem.Label]</label>
                            <textcolor>PanelFG</textcolor>
                            <selectedcolor>Highlight</selectedcolor>
                        </control>
                        <control type="label">
                            <posx>11r</posx>
                            <width>643</width>
                            <font>Font-ListInfo-Small</font>
                            <align>right</align>
                            <label>$INFO[ListItem.Label2]</label>
                            <textcolor>PanelFG</textcolor>
                            <selectedcolor>Highlight</selectedcolor>
                        </control>
                    
                    </itemlayout>

                    <focusedlayout height="listh" width="bannerwborder">
                        <control type="image">
                            <visible>Control.HasFocus(100)</visible>
                            <height>listh</height>
                            <width>bannerwborder</width>
                            <texture border="12" flipx="false" colordiffuse="PosterHighlight">common/white.png</texture>
                            <animation condition="Container(100).OnNext" reversible="false" effect="slide" start="0,-33" end="0,0" time="300" tween="back" easing="out">Focus</animation>
                            <animation condition="Container(100).OnPrevious" reversible="false" effect="slide" start="0,33" end="0,0" time="300" tween="back" easing="out">Focus</animation>
                        </control>
                        
                        <control type="image">
                            <visible>!Control.HasFocus(100)</visible>
                            <height>listh</height>
                            <width>bannerwborder</width>
                            <texture border="12" flipx="false" colordiffuse="PosterBorder">common/border-inner.png</texture>
                            <animation condition="Container(100).OnNext" reversible="false" effect="slide" start="0,-33" end="0,0" time="300" tween="back" easing="out">Focus</animation>
                            <animation condition="Container(100).OnPrevious" reversible="false" effect="slide" start="0,33" end="0,0" time="300" tween="back" easing="out">Focus</animation>
                        </control>

                        <control type="label">
                            <posx>30</posx>
                            <width>643</width>
                            <font>Font-Button</font>
                            <label>$INFO[ListItem.Label]</label>
                            <textcolor>Selected</textcolor>
                            <selectedcolor>Highlight</selectedcolor>
                        </control>
                        <control type="label">
                            <posx>11r</posx>
                            <width>643</width>
                            <font>Font-ListInfo-Small</font>
                            <align>right</align>
                            <label>$INFO[ListItem.Label2]</label>
                            <textcolor>Selected</textcolor>
                            <selectedcolor>Highlight</selectedcolor>
                        </control>

                    </focusedlayout>

                </control>

        

            </control>
            
        </control>
        <control type="group">
            <visible>!Window.IsVisible(FileBrowser.xml)</visible>
            <posy>160</posy>
            <posx>20</posx>
            <control type="grouplist">
                <onup>50</onup>
                <include>DefSettingsOKCancelGroup</include>
                <align>center</align>
                <itemgap>48</itemgap>
                
                <orientation>horizontal</orientation>
                <control type="button" id="6">
                    <label>21385</label>
                    <include>DefSettingsOKCancelButton</include>
                </control>
                
                <control type="button" id="7">
                    <label>190</label>
                    <include>DefSettingsOKCancelButton</include>
                </control>
                
                <control type="button" id="8">
                    <label>192</label>
                    <include>DefSettingsOKCancelButton</include>
                </control>
            </control>
        </control>
        <include>GlobalTopBar</include>
    </controls>
</window>
