<?xml version="1.0" encoding="UTF-8"?>
<window>
    <!-- startup -->
    <onload>Skin.Reset(HideSettings)</onload>
<!-- Modification Onload -->    
	<onload condition="!IsEmpty(Skin.String(home.widgetposters)">Skin.SetString(home.widgetposters,$LOCALIZE[31154])</onload>
    <onload condition="IsEmpty(Skin.String(HomeStyle))">Skin.SetString(HomeStyle, beveled)</onload>
    <onload condition="!Skin.HasSetting(SkinHelper.EnablePVRThumbs)">Skin.SetBool(SkinHelper.EnablePVRThumbs)</onload>
	<onload condition="!System.HasAddon(script.skin.helper.service)">ReplaceWindow($INFO[System.StartupWindow])</onload>
	<onload condition="System.HasAddon(script.skin.helper.service) + Skin.HasSetting(Disable_Splash)">ReplaceWindow($INFO[System.StartupWindow])</onload>	
	<onload condition="System.HasAddon(script.skin.helper.service) + !Skin.HasSetting(Disable_Splash)">RunScript(script.skin.helper.service,action=splashscreen,file=$VAR[splash_path],duration=6)</onload>
<controls>
<!-- video control for splash -->
<control type="videowindow">
    <width>100%</width>
    <height>100%</height>
</control>
<!-- image control for splash -->
<control type="image">
    <width>100%</width>
    <height>100%</height>
    <aspectratio>keep</aspectratio>
    <texture background="true">$INFO[Window(Home).Property(SkinHelper.SplashScreen)]</texture>
</control>
</controls>
	</window>