<?xml version="1.0" encoding="UTF-8" standalone="yes"?>
<addon id="context.trakt.contextmenu" name="Trakt - Contextmenu" version="1.0.1" provider-name="Razzeee">
  <requires>
    <import addon="xbmc.python" version="2.20.0"/>
    <import addon="script.trakt" version="3.0.2"/>
  </requires>
    <extension point="kodi.context.item" library="addon.py">		
      <item>
        <label>32000</label>
        <visible>StringCompare(ListItem.dbtype,movie) | StringCompare(ListItem.dbtype,tvshow) | StringCompare(ListItem.dbtype,season) | StringCompare(ListItem.dbtype,episode)</visible>
      </item>
    </extension>
  <extension point="xbmc.addon.metadata">
    <summary lang="en">Adds a Trakt contextmenu button to context menu in your videolibrary</summary>
    <description lang="en">Add Trakt contextmenu button to context menu in library. This contextmenu will offer "Add to wachlist", "Rate this movie", "Toggle watched" and "Synchronize library".</description>
    <platform>all</platform>
    <forum></forum>
    <source>https://github.com/Razzeee/context.trakt.contextmenu/</source>
  </extension>
</addon>
